YEAR_MONTH,DAY_TYPE,TIME_PER_HOUR,PT_TYPE,PT_CODE,TOTAL_TAP_IN_VOLUME,TOTAL_TAP_OUT_VOLUME
2023-09,WEEKENDS/HOLIDAY,6,TRAIN,CC23,170,1283
2023-09,WEEKDAY,6,TRAIN,CC23,873,13669
2023-09,WEEKDAY,14,TRAIN,SE2,3841,5439
2023-09,WEEKENDS/HOLIDAY,14,TRAIN,SE2,2776,2805
2023-09,WEEKDAY,23,TRAIN,NS18,1865,9572
2023-09,WEEKENDS/HOLIDAY,23,TRAIN,NS18,1014,5431
2023-09,WEEKENDS/HOLIDAY,15,TRAIN,EW14/NS26,13553,12703
2023-09,WEEKDAY,15,TRAIN,EW14/NS26,47163,29190
2023-09,WEEKDAY,7,TRAIN,PW4,14403,2178
2023-09,WEEKENDS/HOLIDAY,7,TRAIN,PW4,1698,593
2023-09,WEEKENDS/HOLIDAY,9,TRAIN,BP12,1682,677
2023-09,WEEKDAY,9,TRAIN,BP12,4223,1210
2023-09,WEEKDAY,15,TRAIN,EW15,31419,19557
2023-09,WEEKENDS/HOLIDAY,15,TRAIN,EW15,14682,10599
2023-09,WEEKENDS/HOLIDAY,23,TRAIN,DT2,82,560
2023-09,WEEKDAY,23,TRAIN,DT2,112,1131
2023-09,WEEKDAY,16,TRAIN,BP3,3031,4277
2023-09,WEEKENDS/HOLIDAY,16,TRAIN,BP3,2117,2093
2023-09,WEEKENDS/HOLIDAY,15,TRAIN,SW8,895,891
2023-09,WEEKDAY,15,TRAIN,SW8,2010,2233
2023-09,WEEKENDS/HOLIDAY,17,TRAIN,DT10/TE11,4689,3777
2023-09,WEEKDAY,17,TRAIN,DT10/TE11,11397,10571
2023-09,WEEKENDS/HOLIDAY,22,TRAIN,PW5,411,2766
2023-09,WEEKDAY,22,TRAIN,PW5,515,3580
2023-09,WEEKENDS/HOLIDAY,6,TRAIN,NE15,4225,1220
2023-09,WEEKDAY,6,TRAIN,NE15,30060,5295
2023-09,WEEKENDS/HOLIDAY,0,TRAIN,TE6,21,845
2023-09,WEEKDAY,0,TRAIN,TE6,67,1102
2023-09,WEEKDAY,21,TRAIN,NE16/STC,25893,52536
2023-09,WEEKENDS/HOLIDAY,21,TRAIN,NE16/STC,13185,23666
2023-09,WEEKDAY,10,TRAIN,EW31,1166,1145
2023-09,WEEKENDS/HOLIDAY,10,TRAIN,EW31,1186,397
2023-09,WEEKENDS/HOLIDAY,9,TRAIN,NS12,9382,4317
2023-09,WEEKDAY,9,TRAIN,NS12,20508,7725
2023-09,WEEKDAY,19,TRAIN,PE1,2979,9110
2023-09,WEEKENDS/HOLIDAY,19,TRAIN,PE1,1458,2651
2023-09,WEEKDAY,20,TRAIN,DT23,4749,3140
2023-09,WEEKENDS/HOLIDAY,20,TRAIN,DT23,1485,1249
2023-09,WEEKDAY,20,TRAIN,PW6,528,2180
2023-09,WEEKENDS/HOLIDAY,20,TRAIN,PW6,270,872
2023-09,WEEKDAY,19,TRAIN,EW30,10362,2760
2023-09,WEEKENDS/HOLIDAY,19,TRAIN,EW30,2011,1449
2023-09,WEEKDAY,17,TRAIN,TE14/NS22,113299,79892
2023-09,WEEKENDS/HOLIDAY,17,TRAIN,TE14/NS22,70171,51821
2023-09,WEEKENDS/HOLIDAY,23,TRAIN,NS9/TE2,7203,18066
2023-09,WEEKDAY,23,TRAIN,NS9/TE2,10189,33716
2023-09,WEEKENDS/HOLIDAY,9,TRAIN,NS7,15972,12265
2023-09,WEEKDAY,9,TRAIN,NS7,32311,24106
2023-09,WEEKENDS/HOLIDAY,23,TRAIN,CC4/DT15,10478,1250
2023-09,WEEKDAY,23,TRAIN,CC4/DT15,11503,1622
2023-09,WEEKENDS/HOLIDAY,16,TRAIN,TE8,5772,5813
2023-09,WEEKDAY,16,TRAIN,TE8,7999,8892
2023-09,WEEKDAY,6,TRAIN,EW23,47446,43226
2023-09,WEEKENDS/HOLIDAY,6,TRAIN,EW23,9231,8408
2023-09,WEEKDAY,11,TRAIN,DT6,7966,8754
2023-09,WEEKENDS/HOLIDAY,11,TRAIN,DT6,4576,2600
2023-09,WEEKDAY,19,TRAIN,BP6/DT1,46594,99826
2023-09,WEEKENDS/HOLIDAY,19,TRAIN,BP6/DT1,15515,25602
2023-09,WEEKDAY,14,TRAIN,BP2,1825,2222
2023-09,WEEKENDS/HOLIDAY,14,TRAIN,BP2,1541,1328
2023-09,WEEKDAY,0,TRAIN,CC7,48,617
2023-09,WEEKENDS/HOLIDAY,0,TRAIN,CC7,47,617
2023-09,WEEKDAY,18,TRAIN,TE14/NS22,145361,116515
2023-09,WEEKENDS/HOLIDAY,18,TRAIN,TE14/NS22,67392,43093
2023-09,WEEKDAY,8,TRAIN,NE13,54623,27245
2023-09,WEEKENDS/HOLIDAY,8,TRAIN,NE13,10427,10456
2023-09,WEEKENDS/HOLIDAY,13,TRAIN,BP13,612,373
2023-09,WEEKDAY,13,TRAIN,BP13,1187,852
2023-09,WEEKENDS/HOLIDAY,11,TRAIN,CC28,2589,1859
2023-09,WEEKDAY,11,TRAIN,CC28,3923,2218
2023-09,WEEKDAY,14,TRAIN,EW8/CC9,42997,40710
2023-09,WEEKENDS/HOLIDAY,14,TRAIN,EW8/CC9,33723,33172
2023-09,WEEKENDS/HOLIDAY,6,TRAIN,SE3,913,77
2023-09,WEEKDAY,6,TRAIN,SE3,6704,770
2023-09,WEEKENDS/HOLIDAY,15,TRAIN,BP2,1478,1202
2023-09,WEEKDAY,15,TRAIN,BP2,1676,2282
2023-09,WEEKDAY,15,TRAIN,DT31,5712,6712
2023-09,WEEKENDS/HOLIDAY,15,TRAIN,DT31,4021,3957
2023-09,WEEKDAY,17,TRAIN,PE6,8864,10374
2023-09,WEEKENDS/HOLIDAY,17,TRAIN,PE6,3898,3859
2023-09,WEEKDAY,20,TRAIN,DT8,1930,3014
2023-09,WEEKENDS/HOLIDAY,20,TRAIN,DT8,788,1468
2023-09,WEEKDAY,16,TRAIN,TE4,5135,3006
2023-09,WEEKENDS/HOLIDAY,16,TRAIN,TE4,2615,1738
2023-09,WEEKDAY,19,TRAIN,SW6,2512,9326
2023-09,WEEKENDS/HOLIDAY,19,TRAIN,SW6,1120,2212
2023-09,WEEKDAY,20,TRAIN,NS19,27347,44286
2023-09,WEEKENDS/HOLIDAY,20,TRAIN,NS19,12444,19471
2023-09,WEEKDAY,15,TRAIN,DT28,7920,6654
2023-09,WEEKENDS/HOLIDAY,15,TRAIN,DT28,4688,3936
2023-09,WEEKENDS/HOLIDAY,10,TRAIN,NS5,17614,8260
2023-09,WEEKDAY,10,TRAIN,NS5,26300,12380
2023-09,WEEKENDS/HOLIDAY,20,TRAIN,TE6,2256,6218
2023-09,WEEKDAY,20,TRAIN,TE6,3823,15777
2023-09,WEEKENDS/HOLIDAY,12,TRAIN,DT18,3078,4779
2023-09,WEEKDAY,12,TRAIN,DT18,15534,19207
2023-09,WEEKENDS/HOLIDAY,5,TRAIN,SW3,323,11
2023-09,WEEKDAY,5,TRAIN,SW3,1464,47
2023-09,WEEKDAY,8,TRAIN,PW4,10458,3512
2023-09,WEEKENDS/HOLIDAY,8,TRAIN,PW4,2222,1423
2023-09,WEEKDAY,10,TRAIN,CC14,9066,3418
2023-09,WEEKENDS/HOLIDAY,10,TRAIN,CC14,4312,2322
2023-09,WEEKENDS/HOLIDAY,12,TRAIN,DT10/TE11,4784,2888
2023-09,WEEKDAY,12,TRAIN,DT10/TE11,7509,4536
2023-09,WEEKENDS/HOLIDAY,18,TRAIN,PW1,1682,1377
2023-09,WEEKDAY,18,TRAIN,PW1,3353,2893
2023-09,WEEKENDS/HOLIDAY,9,TRAIN,BP3,2845,795
2023-09,WEEKDAY,9,TRAIN,BP3,6213,1697
2023-09,WEEKDAY,16,TRAIN,NS8,18057,17626
2023-09,WEEKENDS/HOLIDAY,16,TRAIN,NS8,8639,8633
2023-09,WEEKDAY,16,TRAIN,CC8,11338,8628
2023-09,WEEKENDS/HOLIDAY,16,TRAIN,CC8,5028,5025
2023-09,WEEKDAY,9,TRAIN,NE16/STC,59362,21277
2023-09,WEEKENDS/HOLIDAY,9,TRAIN,NE16/STC,23311,11706
2023-09,WEEKENDS/HOLIDAY,15,TRAIN,PW5,1736,1716
2023-09,WEEKDAY,15,TRAIN,PW5,1960,2315
2023-09,WEEKDAY,7,TRAIN,EW28,121646,37340
2023-09,WEEKENDS/HOLIDAY,7,TRAIN,EW28,17511,7587
2023-09,WEEKDAY,6,TRAIN,EW18,17107,12806
2023-09,WEEKENDS/HOLIDAY,6,TRAIN,EW18,3183,2683
2023-09,WEEKENDS/HOLIDAY,20,TRAIN,PE7,989,3088
2023-09,WEEKDAY,20,TRAIN,PE7,2820,7016
2023-09,WEEKDAY,14,TRAIN,EW6,7646,10126
2023-09,WEEKENDS/HOLIDAY,14,TRAIN,EW6,5368,6102
2023-09,WEEKENDS/HOLIDAY,17,TRAIN,DT29,3657,3751
2023-09,WEEKDAY,17,TRAIN,DT29,11362,13229
2023-09,WEEKENDS/HOLIDAY,14,TRAIN,BP8,780,695
2023-09,WEEKDAY,14,TRAIN,BP8,1280,1272
2023-09,WEEKENDS/HOLIDAY,7,TRAIN,DT8,697,1106
2023-09,WEEKDAY,7,TRAIN,DT8,7013,23511
2023-09,WEEKDAY,22,TRAIN,DT20,6144,4089
2023-09,WEEKENDS/HOLIDAY,22,TRAIN,DT20,2910,2150
2023-09,WEEKENDS/HOLIDAY,12,TRAIN,CC16,4587,2514
2023-09,WEEKDAY,12,TRAIN,CC16,7640,5519
2023-09,WEEKDAY,18,TRAIN,PE4,2014,3738
2023-09,WEEKENDS/HOLIDAY,18,TRAIN,PE4,1078,1513
2023-09,WEEKENDS/HOLIDAY,18,TRAIN,PE1,1808,2417
2023-09,WEEKDAY,18,TRAIN,PE1,4184,8733
2023-09,WEEKENDS/HOLIDAY,17,TRAIN,NS10,20898,20750
2023-09,WEEKDAY,17,TRAIN,NS10,62084,62866
2023-09,WEEKENDS/HOLIDAY,14,TRAIN,PE2,2706,2958
2023-09,WEEKDAY,14,TRAIN,PE2,5252,5326
2023-09,WEEKENDS/HOLIDAY,14,TRAIN,DT28,4736,3597
2023-09,WEEKDAY,14,TRAIN,DT28,6282,7063
2023-09,WEEKENDS/HOLIDAY,21,TRAIN,TE7,902,2288
2023-09,WEEKDAY,21,TRAIN,TE7,2263,5661
2023-09,WEEKENDS/HOLIDAY,6,TRAIN,SW8,500,235
2023-09,WEEKDAY,6,TRAIN,SW8,3338,1674
2023-09,WEEKDAY,19,TRAIN,NE9,35090,36285
2023-09,WEEKENDS/HOLIDAY,19,TRAIN,NE9,11159,11753
2023-09,WEEKDAY,12,TRAIN,CC25,6084,4214
2023-09,WEEKENDS/HOLIDAY,12,TRAIN,CC25,4059,2324
2023-09,WEEKENDS/HOLIDAY,12,TRAIN,NS16,25140,20245
2023-09,WEEKDAY,12,TRAIN,NS16,36798,32800
2023-09,WEEKENDS/HOLIDAY,6,TRAIN,EW24/NS1,8276,15218
2023-09,WEEKDAY,6,TRAIN,EW24/NS1,32085,77067
2023-09,WEEKENDS/HOLIDAY,10,TRAIN,CC11,3506,8246
2023-09,WEEKDAY,10,TRAIN,CC11,6183,20164
2023-09,WEEKENDS/HOLIDAY,18,TRAIN,NS27/CE2/TE20,2467,3766
2023-09,WEEKDAY,18,TRAIN,NS27/CE2/TE20,36846,5648
2023-09,WEEKENDS/HOLIDAY,12,TRAIN,DT33,9677,4751
2023-09,WEEKDAY,12,TRAIN,DT33,14064,7291
2023-09,WEEKDAY,22,TRAIN,EW4,4453,17309
2023-09,WEEKENDS/HOLIDAY,22,TRAIN,EW4,2637,8720
2023-09,WEEKENDS/HOLIDAY,5,TRAIN,DT24,216,7
2023-09,WEEKDAY,5,TRAIN,DT24,1547,12
2023-09,WEEKDAY,14,TRAIN,NE1/CC29,39124,43834
2023-09,WEEKENDS/HOLIDAY,14,TRAIN,NE1/CC29,28437,40313
2023-09,WEEKENDS/HOLIDAY,8,TRAIN,SW5,3692,2298
2023-09,WEEKDAY,8,TRAIN,SW5,18084,4459
2023-09,WEEKENDS/HOLIDAY,23,TRAIN,CC24,555,900
2023-09,WEEKDAY,23,TRAIN,CC24,2857,1383
2023-09,WEEKDAY,23,TRAIN,CC11,3868,3009
2023-09,WEEKENDS/HOLIDAY,23,TRAIN,CC11,1468,1835
2023-09,WEEKENDS/HOLIDAY,17,TRAIN,TE6,5027,5281
2023-09,WEEKDAY,17,TRAIN,TE6,8615,15307
2023-09,WEEKENDS/HOLIDAY,14,TRAIN,CC26,1180,1471
2023-09,WEEKDAY,14,TRAIN,CC26,2519,3244
2023-09,WEEKENDS/HOLIDAY,22,TRAIN,TE16,2283,3098
2023-09,WEEKDAY,22,TRAIN,TE16,3978,6174
2023-09,WEEKDAY,8,TRAIN,NS4/BP1,79891,33046
2023-09,WEEKENDS/HOLIDAY,8,TRAIN,NS4/BP1,16595,11119
2023-09,WEEKENDS/HOLIDAY,20,TRAIN,NS12,4947,9325
2023-09,WEEKDAY,20,TRAIN,NS12,9853,22695
2023-09,WEEKENDS/HOLIDAY,15,TRAIN,TE3,3589,3049
2023-09,WEEKDAY,15,TRAIN,TE3,6802,5469
2023-09,WEEKENDS/HOLIDAY,19,TRAIN,PE4,1043,1440
2023-09,WEEKDAY,19,TRAIN,PE4,1459,3980
2023-09,WEEKDAY,9,TRAIN,DT18,4503,81689
2023-09,WEEKENDS/HOLIDAY,9,TRAIN,DT18,1008,4108
2023-09,WEEKENDS/HOLIDAY,5,TRAIN,EW5,1984,164
2023-09,WEEKDAY,5,TRAIN,EW5,9646,997
2023-09,WEEKENDS/HOLIDAY,15,TRAIN,NS25/EW13,39895,43674
2023-09,WEEKDAY,15,TRAIN,NS25/EW13,45923,41880
2023-09,WEEKENDS/HOLIDAY,22,TRAIN,DT30,1006,4747
2023-09,WEEKDAY,22,TRAIN,DT30,1696,9895
2023-09,WEEKENDS/HOLIDAY,22,TRAIN,EW20,1926,5284
2023-09,WEEKDAY,22,TRAIN,EW20,4154,10442
2023-09,WEEKENDS/HOLIDAY,22,TRAIN,TE8,3328,2772
2023-09,WEEKDAY,22,TRAIN,TE8,6283,5668
2023-09,WEEKDAY,17,TRAIN,TE4,12765,4966
2023-09,WEEKENDS/HOLIDAY,17,TRAIN,TE4,2866,2499
2023-09,WEEKDAY,15,TRAIN,EW27,37955,40540
2023-09,WEEKENDS/HOLIDAY,15,TRAIN,EW27,24617,27146
2023-09,WEEKDAY,21,TRAIN,CC26,2835,2928
2023-09,WEEKENDS/HOLIDAY,21,TRAIN,CC26,855,1508
2023-09,WEEKENDS/HOLIDAY,11,TRAIN,EW20,7493,4997
2023-09,WEEKDAY,11,TRAIN,EW20,11161,7638
2023-09,WEEKENDS/HOLIDAY,0,TRAIN,EW23,199,1694
2023-09,WEEKDAY,0,TRAIN,EW23,397,2521
2023-09,WEEKENDS/HOLIDAY,10,TRAIN,CG2,7339,12153
2023-09,WEEKDAY,10,TRAIN,CG2,12911,19242
2023-09,WEEKDAY,15,TRAIN,DT30,5149,6441
2023-09,WEEKENDS/HOLIDAY,15,TRAIN,DT30,3604,3757
2023-09,WEEKENDS/HOLIDAY,16,TRAIN,NE16/STC,23426,25966
2023-09,WEEKDAY,16,TRAIN,NE16/STC,39965,52624
2023-09,WEEKDAY,13,TRAIN,NS9/TE2,45310,48991
2023-09,WEEKENDS/HOLIDAY,13,TRAIN,NS9/TE2,31241,32689
2023-09,WEEKDAY,7,TRAIN,SE5,8232,8533
2023-09,WEEKENDS/HOLIDAY,7,TRAIN,SE5,879,348
2023-09,WEEKDAY,5,TRAIN,SW1,202,149
2023-09,WEEKENDS/HOLIDAY,5,TRAIN,SW1,57,51
2023-09,WEEKDAY,7,TRAIN,PW1,338,1594
2023-09,WEEKENDS/HOLIDAY,7,TRAIN,PW1,59,336
2023-09,WEEKENDS/HOLIDAY,12,TRAIN,NS15,8365,4671
2023-09,WEEKDAY,12,TRAIN,NS15,17456,12347
2023-09,WEEKENDS/HOLIDAY,20,TRAIN,CC19/DT9,2846,2096
2023-09,WEEKDAY,20,TRAIN,CC19/DT9,5298,4601
2023-09,WEEKENDS/HOLIDAY,14,TRAIN,EW10,6720,7740
2023-09,WEEKDAY,14,TRAIN,EW10,7303,8684
2023-09,WEEKDAY,17,TRAIN,DT5,19360,22663
2023-09,WEEKENDS/HOLIDAY,17,TRAIN,DT5,9646,9797
2023-09,WEEKDAY,7,TRAIN,SE3,12053,2268
2023-09,WEEKENDS/HOLIDAY,7,TRAIN,SE3,1342,305
2023-09,WEEKENDS/HOLIDAY,13,TRAIN,CC4/DT15,8680,17559
2023-09,WEEKDAY,13,TRAIN,CC4/DT15,23287,24833
2023-09,WEEKDAY,16,TRAIN,CC5,5387,4729
2023-09,WEEKENDS/HOLIDAY,16,TRAIN,CC5,4807,6272
2023-09,WEEKDAY,10,TRAIN,NS13,49179,29562
2023-09,WEEKENDS/HOLIDAY,10,TRAIN,NS13,28646,19039
2023-09,WEEKENDS/HOLIDAY,5,TRAIN,PE7,385,7
2023-09,WEEKDAY,5,TRAIN,PE7,1276,89
2023-09,WEEKENDS/HOLIDAY,8,TRAIN,CC12,2888,1880
2023-09,WEEKDAY,8,TRAIN,CC12,20220,7046
2023-09,WEEKDAY,23,TRAIN,EW21/CC22,8832,4869
2023-09,WEEKENDS/HOLIDAY,23,TRAIN,EW21/CC22,3902,2895
2023-09,WEEKENDS/HOLIDAY,15,TRAIN,CC17/TE9,2182,2360
2023-09,WEEKDAY,15,TRAIN,CC17/TE9,10297,4545
2023-09,WEEKDAY,10,TRAIN,CC7,5887,3775
2023-09,WEEKENDS/HOLIDAY,10,TRAIN,CC7,3866,2561
2023-09,WEEKENDS/HOLIDAY,18,TRAIN,CC14,3664,4094
2023-09,WEEKDAY,18,TRAIN,CC14,14617,17761
2023-09,WEEKENDS/HOLIDAY,11,TRAIN,CC2,2679,2999
2023-09,WEEKDAY,11,TRAIN,CC2,5889,14735
2023-09,WEEKDAY,18,TRAIN,DT8,8264,8236
2023-09,WEEKENDS/HOLIDAY,18,TRAIN,DT8,1997,2227
2023-09,WEEKDAY,16,TRAIN,DT3,7573,8053
2023-09,WEEKENDS/HOLIDAY,16,TRAIN,DT3,4366,3742
2023-09,WEEKDAY,13,TRAIN,NS23,36817,37622
2023-09,WEEKENDS/HOLIDAY,13,TRAIN,NS23,18073,31063
2023-09,WEEKDAY,21,TRAIN,NS5,12849,37831
2023-09,WEEKENDS/HOLIDAY,21,TRAIN,NS5,6798,17847
2023-09,WEEKENDS/HOLIDAY,21,TRAIN,SW3,230,1408
2023-09,WEEKDAY,21,TRAIN,SW3,471,3038
2023-09,WEEKENDS/HOLIDAY,7,TRAIN,DT2,599,504
2023-09,WEEKDAY,7,TRAIN,DT2,6987,10257
2023-09,WEEKDAY,8,TRAIN,CC20,13314,9430
2023-09,WEEKENDS/HOLIDAY,8,TRAIN,CC20,2519,2498
2023-09,WEEKENDS/HOLIDAY,0,TRAIN,PW5,7,479
2023-09,WEEKDAY,0,TRAIN,PW5,12,695
2023-09,WEEKDAY,9,TRAIN,EW2/DT32,68017,41743
2023-09,WEEKENDS/HOLIDAY,9,TRAIN,EW2/DT32,24979,16786
2023-09,WEEKENDS/HOLIDAY,14,TRAIN,CC19/DT9,5122,5386
2023-09,WEEKDAY,14,TRAIN,CC19/DT9,7020,7367
2023-09,WEEKENDS/HOLIDAY,8,TRAIN,DT29,4290,1592
2023-09,WEEKDAY,8,TRAIN,DT29,30745,9077
2023-09,WEEKENDS/HOLIDAY,5,TRAIN,NS24/NE6/CC1,266,72
2023-09,WEEKDAY,5,TRAIN,NS24/NE6/CC1,523,296
2023-09,WEEKENDS/HOLIDAY,11,TRAIN,CC17/TE9,2858,1798
2023-09,WEEKDAY,11,TRAIN,CC17/TE9,4959,2933
2023-09,WEEKDAY,18,TRAIN,NS5,42536,96261
2023-09,WEEKENDS/HOLIDAY,18,TRAIN,NS5,13800,18542
2023-09,WEEKENDS/HOLIDAY,13,TRAIN,BP9,1351,974
2023-09,WEEKDAY,13,TRAIN,BP9,2477,1774
2023-09,WEEKDAY,16,TRAIN,PE2,5514,6292
2023-09,WEEKENDS/HOLIDAY,16,TRAIN,PE2,2502,2751
2023-09,WEEKDAY,22,TRAIN,PW7,1189,2756
2023-09,WEEKENDS/HOLIDAY,22,TRAIN,PW7,646,1449
2023-09,WEEKDAY,11,TRAIN,CC24,21693,33551
2023-09,WEEKENDS/HOLIDAY,11,TRAIN,CC24,3686,4542
2023-09,WEEKDAY,22,TRAIN,SW4,419,2174
2023-09,WEEKENDS/HOLIDAY,22,TRAIN,SW4,255,1049
2023-09,WEEKDAY,6,TRAIN,NS12,30369,6927
2023-09,WEEKENDS/HOLIDAY,6,TRAIN,NS12,4705,1711
2023-09,WEEKENDS/HOLIDAY,15,TRAIN,NS24/NE6/CC1,26635,25153
2023-09,WEEKDAY,15,TRAIN,NS24/NE6/CC1,34269,30717
2023-09,WEEKDAY,11,TRAIN,TE6,8524,3388
2023-09,WEEKENDS/HOLIDAY,11,TRAIN,TE6,6116,2534
2023-09,WEEKENDS/HOLIDAY,12,TRAIN,EW18,10495,7590
2023-09,WEEKDAY,12,TRAIN,EW18,17056,12932
2023-09,WEEKDAY,22,TRAIN,NS3,6200,19418
2023-09,WEEKENDS/HOLIDAY,22,TRAIN,NS3,3092,9310
2023-09,WEEKDAY,11,TRAIN,PE6,7826,5519
2023-09,WEEKENDS/HOLIDAY,11,TRAIN,PE6,5074,3593
2023-09,WEEKENDS/HOLIDAY,18,TRAIN,NS12,8479,10370
2023-09,WEEKDAY,18,TRAIN,NS12,23661,46240
2023-09,WEEKDAY,16,TRAIN,NS28,2285,2944
2023-09,WEEKENDS/HOLIDAY,16,TRAIN,NS28,4367,2366
2023-09,WEEKDAY,9,TRAIN,BP5,2360,1673
2023-09,WEEKENDS/HOLIDAY,9,TRAIN,BP5,1255,839
2023-09,WEEKDAY,0,TRAIN,NE12/CC13,499,4158
2023-09,WEEKENDS/HOLIDAY,0,TRAIN,NE12/CC13,368,2831
2023-09,WEEKENDS/HOLIDAY,19,TRAIN,EW21/CC22,10518,8950
2023-09,WEEKDAY,19,TRAIN,EW21/CC22,52523,33786
2023-09,WEEKDAY,15,TRAIN,DT33,9652,12551
2023-09,WEEKENDS/HOLIDAY,15,TRAIN,DT33,7375,7147
2023-09,WEEKDAY,9,TRAIN,NS19,51200,37700
2023-09,WEEKENDS/HOLIDAY,9,TRAIN,NS19,20313,14670
2023-09,WEEKENDS/HOLIDAY,7,TRAIN,NE15,7344,3869
2023-09,WEEKDAY,7,TRAIN,NE15,69817,11987
2023-09,WEEKENDS/HOLIDAY,5,TRAIN,EW33,540,138
2023-09,WEEKDAY,5,TRAIN,EW33,3361,707
2023-09,WEEKENDS/HOLIDAY,19,TRAIN,TE4,2798,2653
2023-09,WEEKDAY,19,TRAIN,TE4,6447,7503
2023-09,WEEKDAY,5,TRAIN,DT28,1809,377
2023-09,WEEKENDS/HOLIDAY,5,TRAIN,DT28,453,46
2023-09,WEEKENDS/HOLIDAY,7,TRAIN,EW15,1944,7048
2023-09,WEEKDAY,7,TRAIN,EW15,9904,65397
2023-09,WEEKDAY,12,TRAIN,PE5,5998,3449
2023-09,WEEKENDS/HOLIDAY,12,TRAIN,PE5,3861,2403
2023-09,WEEKENDS/HOLIDAY,23,TRAIN,TE3,280,2724
2023-09,WEEKDAY,23,TRAIN,TE3,445,5203
2023-09,WEEKENDS/HOLIDAY,23,TRAIN,TE14/NS22,9478,4089
2023-09,WEEKDAY,23,TRAIN,TE14/NS22,16594,5172
2023-09,WEEKDAY,14,TRAIN,NE4/DT19,61160,51840
2023-09,WEEKENDS/HOLIDAY,14,TRAIN,NE4/DT19,41123,37529
2023-09,WEEKENDS/HOLIDAY,20,TRAIN,SW8,448,1111
2023-09,WEEKDAY,20,TRAIN,SW8,1095,2481
2023-09,WEEKDAY,5,TRAIN,DT3,884,26
2023-09,WEEKENDS/HOLIDAY,5,TRAIN,DT3,221,8
2023-09,WEEKDAY,5,TRAIN,EW16/NE3/TE17,2063,251
2023-09,WEEKENDS/HOLIDAY,5,TRAIN,EW16/NE3/TE17,433,41
2023-09,WEEKENDS/HOLIDAY,9,TRAIN,DT2,1478,539
2023-09,WEEKDAY,9,TRAIN,DT2,3542,2985
2023-09,WEEKENDS/HOLIDAY,16,TRAIN,EW16/NE3/TE17,14756,10142
2023-09,WEEKDAY,16,TRAIN,EW16/NE3/TE17,51174,18287
2023-09,WEEKENDS/HOLIDAY,19,TRAIN,EW31,2466,2299
2023-09,WEEKDAY,19,TRAIN,EW31,10778,3784
2023-09,WEEKENDS/HOLIDAY,18,TRAIN,NE5,7748,10437
2023-09,WEEKDAY,18,TRAIN,NE5,52321,25246
2023-09,WEEKENDS/HOLIDAY,22,TRAIN,NS15,2889,6125
2023-09,WEEKDAY,22,TRAIN,NS15,9572,12739
2023-09,WEEKENDS/HOLIDAY,6,TRAIN,DT27,1747,942
2023-09,WEEKDAY,6,TRAIN,DT27,6265,5886
2023-09,WEEKDAY,17,TRAIN,BP2,2950,4450
2023-09,WEEKENDS/HOLIDAY,17,TRAIN,BP2,1490,1361
2023-09,WEEKDAY,17,TRAIN,PW3,2077,1818
2023-09,WEEKENDS/HOLIDAY,17,TRAIN,PW3,942,602
2023-09,WEEKENDS/HOLIDAY,9,TRAIN,DT23,1023,1657
2023-09,WEEKDAY,9,TRAIN,DT23,4140,16944
2023-09,WEEKDAY,5,TRAIN,CG2,5878,830
2023-09,WEEKENDS/HOLIDAY,5,TRAIN,CG2,3476,385
2023-09,WEEKENDS/HOLIDAY,21,TRAIN,DT25,932,2435
2023-09,WEEKDAY,21,TRAIN,DT25,2440,5321
2023-09,WEEKDAY,17,TRAIN,NE4/DT19,85365,67885
2023-09,WEEKENDS/HOLIDAY,17,TRAIN,NE4/DT19,41903,40996
2023-09,WEEKENDS/HOLIDAY,8,TRAIN,SW8,1015,446
2023-09,WEEKDAY,8,TRAIN,SW8,3845,2713
2023-09,WEEKENDS/HOLIDAY,21,TRAIN,TE16,1843,3600
2023-09,WEEKDAY,21,TRAIN,TE16,4019,6922
2023-09,WEEKENDS/HOLIDAY,17,TRAIN,CC26,2880,2084
2023-09,WEEKDAY,17,TRAIN,CC26,23764,4763
2023-09,WEEKDAY,11,TRAIN,CC12,6369,2872
2023-09,WEEKENDS/HOLIDAY,11,TRAIN,CC12,3750,2238
2023-09,WEEKENDS/HOLIDAY,20,TRAIN,CG1/DT35,7552,3689
2023-09,WEEKDAY,20,TRAIN,CG1/DT35,25093,5751
2023-09,WEEKENDS/HOLIDAY,8,TRAIN,NS7,14464,16273
2023-09,WEEKDAY,8,TRAIN,NS7,38027,42063
2023-09,WEEKENDS/HOLIDAY,18,TRAIN,NE17/PTC,27575,31345
2023-09,WEEKDAY,18,TRAIN,NE17/PTC,53583,121997
2023-09,WEEKDAY,11,TRAIN,EW31,1437,902
2023-09,WEEKENDS/HOLIDAY,11,TRAIN,EW31,1506,483
2023-09,WEEKENDS/HOLIDAY,21,TRAIN,CC7,1985,4384
2023-09,WEEKDAY,21,TRAIN,CC7,4489,8591
2023-09,WEEKENDS/HOLIDAY,23,TRAIN,PW5,169,1555
2023-09,WEEKDAY,23,TRAIN,PW5,218,2187
2023-09,WEEKDAY,12,TRAIN,TE8,7434,8462
2023-09,WEEKENDS/HOLIDAY,12,TRAIN,TE8,6803,5334
2023-09,WEEKDAY,19,TRAIN,BP11,1960,9231
2023-09,WEEKENDS/HOLIDAY,19,TRAIN,BP11,935,1811
2023-09,WEEKENDS/HOLIDAY,18,TRAIN,CC4/DT15,16612,16441
2023-09,WEEKDAY,18,TRAIN,CC4/DT15,86117,38377
2023-09,WEEKDAY,0,TRAIN,EW26,41,4580
2023-09,WEEKENDS/HOLIDAY,0,TRAIN,EW26,49,2896
2023-09,WEEKDAY,10,TRAIN,NS8,20168,10687
2023-09,WEEKENDS/HOLIDAY,10,TRAIN,NS8,11398,6920
2023-09,WEEKENDS/HOLIDAY,21,TRAIN,CG2,16038,7403
2023-09,WEEKDAY,21,TRAIN,CG2,24917,13369
2023-09,WEEKENDS/HOLIDAY,16,TRAIN,NS11,19854,20731
2023-09,WEEKDAY,16,TRAIN,NS11,27905,40668
2023-09,WEEKDAY,12,TRAIN,EW16/NE3/TE17,42251,35058
2023-09,WEEKENDS/HOLIDAY,12,TRAIN,EW16/NE3/TE17,14060,14416
2023-09,WEEKDAY,8,TRAIN,SE2,16584,2441
2023-09,WEEKENDS/HOLIDAY,8,TRAIN,SE2,3482,1383
2023-09,WEEKENDS/HOLIDAY,19,TRAIN,EW29,8089,8430
2023-09,WEEKDAY,19,TRAIN,EW29,34869,12950
2023-09,WEEKDAY,16,TRAIN,EW24/NS1,80946,60595
2023-09,WEEKENDS/HOLIDAY,16,TRAIN,EW24/NS1,48602,43897
2023-09,WEEKENDS/HOLIDAY,5,TRAIN,NE4/DT19,425,12
2023-09,WEEKDAY,5,TRAIN,NE4/DT19,1772,84
2023-09,WEEKDAY,16,TRAIN,SE4,2829,3958
2023-09,WEEKENDS/HOLIDAY,16,TRAIN,SE4,1817,1715
2023-09,WEEKDAY,23,TRAIN,DT33,1500,13636
2023-09,WEEKENDS/HOLIDAY,23,TRAIN,DT33,836,6967
2023-09,WEEKDAY,22,TRAIN,CE1/DT16,65709,16799
2023-09,WEEKENDS/HOLIDAY,22,TRAIN,CE1/DT16,44159,10172
2023-09,WEEKDAY,21,TRAIN,NS21/DT11,51529,56102
2023-09,WEEKENDS/HOLIDAY,21,TRAIN,NS21/DT11,24165,27133
2023-09,WEEKENDS/HOLIDAY,8,TRAIN,SW3,1406,421
2023-09,WEEKDAY,8,TRAIN,SW3,5737,1574
2023-09,WEEKENDS/HOLIDAY,17,TRAIN,BP3,2281,2285
2023-09,WEEKDAY,17,TRAIN,BP3,4447,7170
2023-09,WEEKENDS/HOLIDAY,13,TRAIN,BP7,275,529
2023-09,WEEKDAY,13,TRAIN,BP7,706,981
2023-09,WEEKENDS/HOLIDAY,13,TRAIN,SE4,2028,1785
2023-09,WEEKDAY,13,TRAIN,SE4,3319,3252
2023-09,WEEKENDS/HOLIDAY,21,TRAIN,BP9,404,844
2023-09,WEEKDAY,21,TRAIN,BP9,767,2000
2023-09,WEEKDAY,10,TRAIN,NS16,42676,28739
2023-09,WEEKENDS/HOLIDAY,10,TRAIN,NS16,25259,16843
2023-09,WEEKDAY,22,TRAIN,EW17,11181,24036
2023-09,WEEKENDS/HOLIDAY,22,TRAIN,EW17,5981,11889
2023-09,WEEKENDS/HOLIDAY,9,TRAIN,SE3,2178,656
2023-09,WEEKDAY,9,TRAIN,SE3,5132,1192
2023-09,WEEKDAY,16,TRAIN,DT5,13355,15140
2023-09,WEEKENDS/HOLIDAY,16,TRAIN,DT5,8832,8203
2023-09,WEEKDAY,18,TRAIN,NS20,124687,49205
2023-09,WEEKENDS/HOLIDAY,18,TRAIN,NS20,18233,14070
2023-09,WEEKDAY,21,TRAIN,NS25/EW13,86539,11495
2023-09,WEEKENDS/HOLIDAY,21,TRAIN,NS25/EW13,45033,7169
2023-09,WEEKDAY,21,TRAIN,EW14/NS26,56230,8459
2023-09,WEEKENDS/HOLIDAY,21,TRAIN,EW14/NS26,13322,4846
2023-09,WEEKDAY,18,TRAIN,PW3,3223,2587
2023-09,WEEKENDS/HOLIDAY,18,TRAIN,PW3,945,653
2023-09,WEEKENDS/HOLIDAY,15,TRAIN,TE6,4310,4179
2023-09,WEEKDAY,15,TRAIN,TE6,6512,7143
2023-09,WEEKENDS/HOLIDAY,18,TRAIN,TE22,3046,8759
2023-09,WEEKDAY,18,TRAIN,TE22,3121,10299
2023-09,WEEKENDS/HOLIDAY,6,TRAIN,CG2,4301,3485
2023-09,WEEKDAY,6,TRAIN,CG2,8236,10622
2023-09,WEEKDAY,5,TRAIN,SW6,1503,80
2023-09,WEEKENDS/HOLIDAY,5,TRAIN,SW6,317,13
2023-09,WEEKDAY,5,TRAIN,TE13,25,68
2023-09,WEEKENDS/HOLIDAY,5,TRAIN,TE13,21,8
2023-09,WEEKENDS/HOLIDAY,13,TRAIN,EW21/CC22,13349,11055
2023-09,WEEKDAY,13,TRAIN,EW21/CC22,24397,24713
2023-09,WEEKENDS/HOLIDAY,5,TRAIN,EW7,808,151
2023-09,WEEKDAY,5,TRAIN,EW7,3715,846
2023-09,WEEKENDS/HOLIDAY,23,TRAIN,EW29,479,1376
2023-09,WEEKDAY,23,TRAIN,EW29,1085,1434
2023-09,WEEKDAY,7,TRAIN,BP3,20054,2304
2023-09,WEEKENDS/HOLIDAY,7,TRAIN,BP3,2214,467
2023-09,WEEKENDS/HOLIDAY,19,TRAIN,NS12,6483,10506
2023-09,WEEKDAY,19,TRAIN,NS12,14954,38799
2023-09,WEEKDAY,8,TRAIN,TE3,24899,10958
2023-09,WEEKENDS/HOLIDAY,8,TRAIN,TE3,4351,3247
2023-09,WEEKENDS/HOLIDAY,13,TRAIN,PW1,1566,2167
2023-09,WEEKDAY,13,TRAIN,PW1,1528,2604
2023-09,WEEKDAY,0,TRAIN,PW7,105,351
2023-09,WEEKENDS/HOLIDAY,0,TRAIN,PW7,77,231
2023-09,WEEKDAY,23,TRAIN,NE13,2771,11371
2023-09,WEEKENDS/HOLIDAY,23,TRAIN,NE13,1757,5914
2023-09,WEEKDAY,10,TRAIN,DT7,3214,3207
2023-09,WEEKENDS/HOLIDAY,10,TRAIN,DT7,2560,2318
2023-09,WEEKENDS/HOLIDAY,16,TRAIN,DT20,3053,3229
2023-09,WEEKDAY,16,TRAIN,DT20,5995,6634
2023-09,WEEKENDS/HOLIDAY,10,TRAIN,SW5,4831,3728
2023-09,WEEKDAY,10,TRAIN,SW5,7498,5153
2023-09,WEEKDAY,10,TRAIN,CG1/DT35,3371,25771
2023-09,WEEKENDS/HOLIDAY,10,TRAIN,CG1/DT35,2363,5230
2023-09,WEEKENDS/HOLIDAY,6,TRAIN,PE3,987,399
2023-09,WEEKDAY,6,TRAIN,PE3,8069,1442
2023-09,WEEKENDS/HOLIDAY,14,TRAIN,CC8,4805,4636
2023-09,WEEKDAY,14,TRAIN,CC8,12589,7316
2023-09,WEEKDAY,16,TRAIN,DT2,4653,2040
2023-09,WEEKENDS/HOLIDAY,16,TRAIN,DT2,1020,1028
2023-09,WEEKDAY,12,TRAIN,CG2,16054,22523
2023-09,WEEKENDS/HOLIDAY,12,TRAIN,CG2,10568,16742
2023-09,WEEKDAY,18,TRAIN,NE1/CC29,147261,82372
2023-09,WEEKENDS/HOLIDAY,18,TRAIN,NE1/CC29,47736,35037
2023-09,WEEKDAY,14,TRAIN,DT6,10666,7749
2023-09,WEEKENDS/HOLIDAY,14,TRAIN,DT6,3400,3009
2023-09,WEEKDAY,11,TRAIN,EW27,30628,30046
2023-09,WEEKENDS/HOLIDAY,11,TRAIN,EW27,24707,18630
2023-09,WEEKDAY,12,TRAIN,CC5,4849,5527
2023-09,WEEKENDS/HOLIDAY,12,TRAIN,CC5,3146,5009
2023-09,WEEKENDS/HOLIDAY,19,TRAIN,DT17,3752,3048
2023-09,WEEKDAY,19,TRAIN,DT17,62711,7811
2023-09,WEEKDAY,5,TRAIN,TE4,345,302
2023-09,WEEKENDS/HOLIDAY,5,TRAIN,TE4,91,43
2023-09,WEEKDAY,6,TRAIN,EW14/NS26,2566,33477
2023-09,WEEKENDS/HOLIDAY,6,TRAIN,EW14/NS26,1393,3456
2023-09,WEEKENDS/HOLIDAY,17,TRAIN,NS21/DT11,37322,37681
2023-09,WEEKDAY,17,TRAIN,NS21/DT11,97735,90363
2023-09,WEEKENDS/HOLIDAY,8,TRAIN,EW26,19710,8311
2023-09,WEEKDAY,8,TRAIN,EW26,108165,35689
2023-09,WEEKENDS/HOLIDAY,9,TRAIN,SW8,1230,588
2023-09,WEEKDAY,9,TRAIN,SW8,2766,1099
2023-09,WEEKENDS/HOLIDAY,17,TRAIN,DT27,5394,4072
2023-09,WEEKDAY,17,TRAIN,DT27,22902,10323
2023-09,WEEKDAY,0,TRAIN,PE5,24,887
2023-09,WEEKENDS/HOLIDAY,0,TRAIN,PE5,17,552
2023-09,WEEKENDS/HOLIDAY,9,TRAIN,NE5,2145,6041
2023-09,WEEKDAY,9,TRAIN,NE5,5213,40840
2023-09,WEEKENDS/HOLIDAY,22,TRAIN,NS20,6803,3553
2023-09,WEEKDAY,22,TRAIN,NS20,16052,7165
2023-09,WEEKDAY,6,TRAIN,BP4,4256,812
2023-09,WEEKENDS/HOLIDAY,6,TRAIN,BP4,748,164
2023-09,WEEKDAY,11,TRAIN,DT3,7810,3003
2023-09,WEEKENDS/HOLIDAY,11,TRAIN,DT3,6281,2501
2023-09,WEEKDAY,13,TRAIN,CC6,7670,8823
2023-09,WEEKENDS/HOLIDAY,13,TRAIN,CC6,8710,9713
2023-09,WEEKDAY,20,TRAIN,CC17/TE9,3254,6120
2023-09,WEEKENDS/HOLIDAY,20,TRAIN,CC17/TE9,1235,2460
2023-09,WEEKDAY,8,TRAIN,NS16,114398,59119
2023-09,WEEKENDS/HOLIDAY,8,TRAIN,NS16,22456,14597
2023-09,WEEKENDS/HOLIDAY,20,TRAIN,EW15,11155,5269
2023-09,WEEKDAY,20,TRAIN,EW15,60732,12579
2023-09,WEEKDAY,18,TRAIN,CC27,56270,4376
2023-09,WEEKENDS/HOLIDAY,18,TRAIN,CC27,1796,1307
2023-09,WEEKENDS/HOLIDAY,15,TRAIN,NS27/CE2/TE20,2593,3635
2023-09,WEEKDAY,15,TRAIN,NS27/CE2/TE20,4522,4130
2023-09,WEEKENDS/HOLIDAY,14,TRAIN,TE13,2250,2351
2023-09,WEEKDAY,14,TRAIN,TE13,2965,4429
2023-09,WEEKENDS/HOLIDAY,8,TRAIN,NS20,7879,18823
2023-09,WEEKDAY,8,TRAIN,NS20,31235,142804
2023-09,WEEKENDS/HOLIDAY,6,TRAIN,CC5,750,433
2023-09,WEEKDAY,6,TRAIN,CC5,1757,1637
2023-09,WEEKDAY,23,TRAIN,NE11,1617,3512
2023-09,WEEKENDS/HOLIDAY,23,TRAIN,NE11,976,2137
2023-09,WEEKDAY,22,TRAIN,NS21/DT11,40477,44790
2023-09,WEEKENDS/HOLIDAY,22,TRAIN,NS21/DT11,21340,23862
2023-09,WEEKDAY,20,TRAIN,EW16/NE3/TE17,34762,16949
2023-09,WEEKENDS/HOLIDAY,20,TRAIN,EW16/NE3/TE17,11241,8729
2023-09,WEEKENDS/HOLIDAY,14,TRAIN,NS13,28979,27881
2023-09,WEEKDAY,14,TRAIN,NS13,40380,44457
2023-09,WEEKDAY,7,TRAIN,EW31,4920,35456
2023-09,WEEKENDS/HOLIDAY,7,TRAIN,EW31,2313,5902
2023-09,WEEKENDS/HOLIDAY,0,TRAIN,PW3,3,105
2023-09,WEEKDAY,0,TRAIN,PW3,3,163
2023-09,WEEKDAY,6,TRAIN,TE16,3463,2397
2023-09,WEEKENDS/HOLIDAY,6,TRAIN,TE16,721,846
2023-09,WEEKENDS/HOLIDAY,11,TRAIN,CG1/DT35,3398,5890
2023-09,WEEKDAY,11,TRAIN,CG1/DT35,6859,14332
2023-09,WEEKDAY,14,TRAIN,TE5,2340,3742
2023-09,WEEKENDS/HOLIDAY,14,TRAIN,TE5,1906,1887
2023-09,WEEKENDS/HOLIDAY,13,TRAIN,SE1,2205,2139
2023-09,WEEKDAY,13,TRAIN,SE1,4054,3594
2023-09,WEEKDAY,10,TRAIN,TE15,4448,7497
2023-09,WEEKENDS/HOLIDAY,10,TRAIN,TE15,2797,4885
2023-09,WEEKENDS/HOLIDAY,8,TRAIN,DT25,1814,2169
2023-09,WEEKDAY,8,TRAIN,DT25,12006,12776
2023-09,WEEKDAY,18,TRAIN,NE10,37563,36400
2023-09,WEEKENDS/HOLIDAY,18,TRAIN,NE10,9249,9259
2023-09,WEEKENDS/HOLIDAY,12,TRAIN,DT24,2555,1857
2023-09,WEEKDAY,12,TRAIN,DT24,4498,3509
2023-09,WEEKDAY,7,TRAIN,NE9,45449,34256
2023-09,WEEKENDS/HOLIDAY,7,TRAIN,NE9,9234,4893
2023-09,WEEKENDS/HOLIDAY,5,TRAIN,NE12/CC13,1764,164
2023-09,WEEKDAY,5,TRAIN,NE12/CC13,8664,875
2023-09,WEEKENDS/HOLIDAY,10,TRAIN,CE1/DT16,8456,23004
2023-09,WEEKDAY,10,TRAIN,CE1/DT16,9692,35412
2023-09,WEEKENDS/HOLIDAY,8,TRAIN,CC2,628,3196
2023-09,WEEKDAY,8,TRAIN,CC2,2253,22896
2023-09,WEEKDAY,6,TRAIN,NE7/DT12,10569,11999
2023-09,WEEKENDS/HOLIDAY,6,TRAIN,NE7/DT12,3329,3315
2023-09,WEEKDAY,6,TRAIN,EW30,1741,9533
2023-09,WEEKENDS/HOLIDAY,6,TRAIN,EW30,649,1687
2023-09,WEEKENDS/HOLIDAY,5,TRAIN,EW20,338,93
2023-09,WEEKDAY,5,TRAIN,EW20,2380,783
2023-09,WEEKENDS/HOLIDAY,9,TRAIN,TE7,3048,1876
2023-09,WEEKDAY,9,TRAIN,TE7,7592,7713
2023-09,WEEKDAY,6,TRAIN,NS23,3184,10961
2023-09,WEEKENDS/HOLIDAY,6,TRAIN,NS23,1254,3349
2023-09,WEEKENDS/HOLIDAY,20,TRAIN,CC28,1090,2536
2023-09,WEEKDAY,20,TRAIN,CC28,2172,6137
2023-09,WEEKDAY,5,TRAIN,PE5,2403,98
2023-09,WEEKENDS/HOLIDAY,5,TRAIN,PE5,526,26
2023-09,WEEKENDS/HOLIDAY,12,TRAIN,TE5,2332,1430
2023-09,WEEKDAY,12,TRAIN,TE5,3249,2160
2023-09,WEEKDAY,21,TRAIN,NE5,22281,7755
2023-09,WEEKENDS/HOLIDAY,21,TRAIN,NE5,9597,5518
2023-09,WEEKDAY,0,TRAIN,SW1,38,80
2023-09,WEEKENDS/HOLIDAY,0,TRAIN,SW1,30,83
2023-09,WEEKENDS/HOLIDAY,22,TRAIN,NS11,7289,24621
2023-09,WEEKDAY,22,TRAIN,NS11,11727,47197
2023-09,WEEKENDS/HOLIDAY,17,TRAIN,PW7,1799,1781
2023-09,WEEKDAY,17,TRAIN,PW7,3694,4723
2023-09,WEEKDAY,11,TRAIN,DT17,25248,13933
2023-09,WEEKENDS/HOLIDAY,11,TRAIN,DT17,2379,2635
2023-09,WEEKENDS/HOLIDAY,7,TRAIN,EW8/CC9,9498,10437
2023-09,WEEKDAY,7,TRAIN,EW8/CC9,44758,48135
2023-09,WEEKENDS/HOLIDAY,16,TRAIN,EW17,13276,14010
2023-09,WEEKDAY,16,TRAIN,EW17,23992,27564
2023-09,WEEKDAY,10,TRAIN,BP12,2588,1007
2023-09,WEEKENDS/HOLIDAY,10,TRAIN,BP12,1745,792
2023-09,WEEKDAY,11,TRAIN,BP10,2797,2123
2023-09,WEEKENDS/HOLIDAY,11,TRAIN,BP10,1814,1398
2023-09,WEEKENDS/HOLIDAY,20,TRAIN,EW18,4912,7784
2023-09,WEEKDAY,20,TRAIN,EW18,12987,19461
2023-09,WEEKDAY,12,TRAIN,EW26,26125,13506
2023-09,WEEKENDS/HOLIDAY,12,TRAIN,EW26,20484,10064
2023-09,WEEKDAY,16,TRAIN,TE3,7776,7135
2023-09,WEEKENDS/HOLIDAY,16,TRAIN,TE3,5120,3130
2023-09,WEEKENDS/HOLIDAY,20,TRAIN,NE14,8173,18564
2023-09,WEEKDAY,20,TRAIN,NE14,16505,47875
2023-09,WEEKDAY,23,TRAIN,NS13,7850,34361
2023-09,WEEKENDS/HOLIDAY,23,TRAIN,NS13,5123,18483
2023-09,WEEKENDS/HOLIDAY,6,TRAIN,EW4,4261,1955
2023-09,WEEKDAY,6,TRAIN,EW4,18755,11715
2023-09,WEEKDAY,10,TRAIN,EW28,21632,14380
2023-09,WEEKENDS/HOLIDAY,10,TRAIN,EW28,16325,5332
2023-09,WEEKENDS/HOLIDAY,5,TRAIN,TE18,24,0
2023-09,WEEKDAY,5,TRAIN,TE18,78,1
2023-09,WEEKENDS/HOLIDAY,6,TRAIN,NS13,17709,4790
2023-09,WEEKDAY,6,TRAIN,NS13,84882,22421
2023-09,WEEKDAY,18,TRAIN,DT7,10689,12586
2023-09,WEEKENDS/HOLIDAY,18,TRAIN,DT7,2894,3228
2023-09,WEEKDAY,14,TRAIN,EW22,8251,7021
2023-09,WEEKENDS/HOLIDAY,14,TRAIN,EW22,2439,3069
2023-09,WEEKDAY,11,TRAIN,NS23,17094,39207
2023-09,WEEKENDS/HOLIDAY,11,TRAIN,NS23,9434,25555
2023-09,WEEKDAY,17,TRAIN,DT33,18085,28877
2023-09,WEEKENDS/HOLIDAY,17,TRAIN,DT33,9198,8475
2023-09,WEEKENDS/HOLIDAY,8,TRAIN,NS13,27435,14795
2023-09,WEEKDAY,8,TRAIN,NS13,138042,50744
2023-09,WEEKENDS/HOLIDAY,23,TRAIN,NE9,1812,5154
2023-09,WEEKDAY,23,TRAIN,NE9,3539,9469
2023-09,WEEKDAY,20,TRAIN,NS25/EW13,77650,20908
2023-09,WEEKENDS/HOLIDAY,20,TRAIN,NS25/EW13,40006,13270
2023-09,WEEKENDS/HOLIDAY,21,TRAIN,CC2,1895,1623
2023-09,WEEKDAY,21,TRAIN,CC2,7947,2247
2023-09,WEEKENDS/HOLIDAY,14,TRAIN,EW7,8514,8809
2023-09,WEEKDAY,14,TRAIN,EW7,11448,14079
2023-09,WEEKENDS/HOLIDAY,21,TRAIN,SW1,925,765
2023-09,WEEKDAY,21,TRAIN,SW1,2618,1565
2023-09,WEEKENDS/HOLIDAY,18,TRAIN,TE13,2841,2144
2023-09,WEEKDAY,18,TRAIN,TE13,9105,4991
2023-09,WEEKDAY,18,TRAIN,PW4,5834,11806
2023-09,WEEKENDS/HOLIDAY,18,TRAIN,PW4,3179,4128
2023-09,WEEKDAY,5,TRAIN,SW8,854,141
2023-09,WEEKENDS/HOLIDAY,5,TRAIN,SW8,227,27
2023-09,WEEKDAY,5,TRAIN,EW27,17966,4548
2023-09,WEEKENDS/HOLIDAY,5,TRAIN,EW27,3687,700
2023-09,WEEKENDS/HOLIDAY,23,TRAIN,EW10,1583,4347
2023-09,WEEKDAY,23,TRAIN,EW10,2239,7362
2023-09,WEEKDAY,6,TRAIN,BP2,7236,1129
2023-09,WEEKENDS/HOLIDAY,6,TRAIN,BP2,1134,209
2023-09,WEEKDAY,17,TRAIN,NE8,40334,41875
2023-09,WEEKENDS/HOLIDAY,17,TRAIN,NE8,25278,35310
2023-09,WEEKENDS/HOLIDAY,19,TRAIN,EW12/DT14,45345,31393
2023-09,WEEKDAY,19,TRAIN,EW12/DT14,96754,73520
2023-09,WEEKENDS/HOLIDAY,14,TRAIN,TE3,4382,3063
2023-09,WEEKDAY,14,TRAIN,TE3,7237,5600
2023-09,WEEKENDS/HOLIDAY,20,TRAIN,DT2,378,941
2023-09,WEEKDAY,20,TRAIN,DT2,866,2725
2023-09,WEEKENDS/HOLIDAY,23,TRAIN,SW6,146,991
2023-09,WEEKDAY,23,TRAIN,SW6,248,1962
2023-09,WEEKDAY,12,TRAIN,CC6,6913,9212
2023-09,WEEKENDS/HOLIDAY,12,TRAIN,CC6,6595,8679
2023-09,WEEKDAY,10,TRAIN,CC23,3785,31854
2023-09,WEEKENDS/HOLIDAY,10,TRAIN,CC23,1461,2508
2023-09,WEEKENDS/HOLIDAY,0,TRAIN,NS28,4,21
2023-09,WEEKDAY,0,TRAIN,NS28,4,11
2023-09,WEEKENDS/HOLIDAY,22,TRAIN,EW1,4590,15211
2023-09,WEEKDAY,22,TRAIN,EW1,7488,32876
2023-09,WEEKDAY,16,TRAIN,EW7,13173,17066
2023-09,WEEKENDS/HOLIDAY,16,TRAIN,EW7,8405,9103
2023-09,WEEKDAY,15,TRAIN,EW12/DT14,57170,55566
2023-09,WEEKENDS/HOLIDAY,15,TRAIN,EW12/DT14,46665,47760
2023-09,WEEKENDS/HOLIDAY,15,TRAIN,PE3,2989,3202
2023-09,WEEKDAY,15,TRAIN,PE3,6945,7313
2023-09,WEEKENDS/HOLIDAY,16,TRAIN,BP4,896,896
2023-09,WEEKDAY,16,TRAIN,BP4,4359,2133
2023-09,WEEKENDS/HOLIDAY,12,TRAIN,CC23,3074,2570
2023-09,WEEKDAY,12,TRAIN,CC23,17030,15058
2023-09,WEEKDAY,11,TRAIN,BP8,1179,1014
2023-09,WEEKENDS/HOLIDAY,11,TRAIN,BP8,711,668
2023-09,WEEKDAY,6,TRAIN,NS9/TE2,80979,37528
2023-09,WEEKENDS/HOLIDAY,6,TRAIN,NS9/TE2,14820,9706
2023-09,WEEKENDS/HOLIDAY,19,TRAIN,DT10/TE11,3386,3389
2023-09,WEEKDAY,19,TRAIN,DT10/TE11,8464,12155
2023-09,WEEKDAY,19,TRAIN,SE3,1877,8435
2023-09,WEEKENDS/HOLIDAY,19,TRAIN,SE3,1120,2123
2023-09,WEEKENDS/HOLIDAY,9,TRAIN,NS25/EW13,5587,47124
2023-09,WEEKDAY,9,TRAIN,NS25/EW13,11057,88765
2023-09,WEEKENDS/HOLIDAY,9,TRAIN,EW20,6644,5535
2023-09,WEEKDAY,9,TRAIN,EW20,18110,21614
2023-09,WEEKENDS/HOLIDAY,20,TRAIN,TE5,840,2473
2023-09,WEEKDAY,20,TRAIN,TE5,1791,6317
2023-09,WEEKDAY,18,TRAIN,DT31,13297,31308
2023-09,WEEKENDS/HOLIDAY,18,TRAIN,DT31,4584,5151
2023-09,WEEKDAY,12,TRAIN,PW1,1437,2348
2023-09,WEEKENDS/HOLIDAY,12,TRAIN,PW1,1670,1891
2023-09,WEEKENDS/HOLIDAY,11,TRAIN,TE4,2342,2141
2023-09,WEEKDAY,11,TRAIN,TE4,2831,2580
2023-09,WEEKDAY,5,TRAIN,TE6,2932,214
2023-09,WEEKENDS/HOLIDAY,5,TRAIN,TE6,541,34
2023-09,WEEKDAY,10,TRAIN,DT25,3788,2323
2023-09,WEEKENDS/HOLIDAY,10,TRAIN,DT25,2382,1371
2023-09,WEEKENDS/HOLIDAY,23,TRAIN,CC28,206,1139
2023-09,WEEKDAY,23,TRAIN,CC28,360,2208
2023-09,WEEKENDS/HOLIDAY,11,TRAIN,EW5,19894,14363
2023-09,WEEKDAY,11,TRAIN,EW5,29902,21603
2023-09,WEEKDAY,14,TRAIN,NS7,12362,12145
2023-09,WEEKENDS/HOLIDAY,14,TRAIN,NS7,10894,9631
2023-09,WEEKDAY,11,TRAIN,EW30,1723,1037
2023-09,WEEKENDS/HOLIDAY,11,TRAIN,EW30,1124,494
2023-09,WEEKENDS/HOLIDAY,6,TRAIN,SW6,930,184
2023-09,WEEKDAY,6,TRAIN,SW6,7224,1549
2023-09,WEEKENDS/HOLIDAY,22,TRAIN,EW25,2145,5524
2023-09,WEEKDAY,22,TRAIN,EW25,3379,10822
2023-09,WEEKDAY,0,TRAIN,DT18,381,139
2023-09,WEEKENDS/HOLIDAY,0,TRAIN,DT18,296,189
2023-09,WEEKDAY,6,TRAIN,EW20,13590,12007
2023-09,WEEKENDS/HOLIDAY,6,TRAIN,EW20,2984,2340
2023-09,WEEKDAY,23,TRAIN,NS12,2078,8442
2023-09,WEEKENDS/HOLIDAY,23,TRAIN,NS12,1230,4984
2023-09,WEEKDAY,12,TRAIN,EW24/NS1,43985,63180
2023-09,WEEKENDS/HOLIDAY,12,TRAIN,EW24/NS1,31617,49555
2023-09,WEEKENDS/HOLIDAY,17,TRAIN,PW6,875,767
2023-09,WEEKDAY,17,TRAIN,PW6,2078,2770
2023-09,WEEKENDS/HOLIDAY,13,TRAIN,TE12,2505,1648
2023-09,WEEKDAY,13,TRAIN,TE12,3833,4913
2023-09,WEEKDAY,11,TRAIN,BP7,595,650
2023-09,WEEKENDS/HOLIDAY,11,TRAIN,BP7,363,404
2023-09,WEEKENDS/HOLIDAY,7,TRAIN,PE3,1717,1099
2023-09,WEEKDAY,7,TRAIN,PE3,16087,5340
2023-09,WEEKDAY,22,TRAIN,EW2/DT32,22588,45336
2023-09,WEEKENDS/HOLIDAY,22,TRAIN,EW2/DT32,13631,21687
2023-09,WEEKDAY,8,TRAIN,NS12,48613,16055
2023-09,WEEKENDS/HOLIDAY,8,TRAIN,NS12,9471,4643
2023-09,WEEKENDS/HOLIDAY,5,TRAIN,EW18,353,87
2023-09,WEEKDAY,5,TRAIN,EW18,2767,589
2023-09,WEEKENDS/HOLIDAY,23,TRAIN,NS3,1304,5767
2023-09,WEEKDAY,23,TRAIN,NS3,3501,9404
2023-09,WEEKENDS/HOLIDAY,18,TRAIN,PE3,3015,3708
2023-09,WEEKDAY,18,TRAIN,PE3,6306,14025
2023-09,WEEKENDS/HOLIDAY,6,TRAIN,NE10,2553,1556
2023-09,WEEKDAY,6,TRAIN,NE10,13579,8538
2023-09,WEEKDAY,22,TRAIN,EW7,4755,17592
2023-09,WEEKENDS/HOLIDAY,22,TRAIN,EW7,2711,8716
2023-09,WEEKDAY,16,TRAIN,NE9,21184,19164
2023-09,WEEKENDS/HOLIDAY,16,TRAIN,NE9,10619,10228
2023-09,WEEKENDS/HOLIDAY,20,TRAIN,NS15,4524,6126
2023-09,WEEKDAY,20,TRAIN,NS15,16032,15262
2023-09,WEEKENDS/HOLIDAY,18,TRAIN,DT33,8351,9090
2023-09,WEEKDAY,18,TRAIN,DT33,22062,63010
2023-09,WEEKDAY,8,TRAIN,EW32,3659,22328
2023-09,WEEKENDS/HOLIDAY,8,TRAIN,EW32,2415,3377
2023-09,WEEKENDS/HOLIDAY,8,TRAIN,EW11,6410,7762
2023-09,WEEKDAY,8,TRAIN,EW11,26234,42890
2023-09,WEEKENDS/HOLIDAY,15,TRAIN,PW3,646,586
2023-09,WEEKDAY,15,TRAIN,PW3,783,894
2023-09,WEEKDAY,13,TRAIN,BP3,3222,3531
2023-09,WEEKENDS/HOLIDAY,13,TRAIN,BP3,2566,2017
2023-09,WEEKDAY,11,TRAIN,BP11,3112,1371
2023-09,WEEKENDS/HOLIDAY,11,TRAIN,BP11,2151,1049
2023-09,WEEKENDS/HOLIDAY,16,TRAIN,CC20,2942,2695
2023-09,WEEKDAY,16,TRAIN,CC20,6383,7035
2023-09,WEEKDAY,23,TRAIN,EW5,4060,18244
2023-09,WEEKENDS/HOLIDAY,23,TRAIN,EW5,2289,10077
2023-09,WEEKDAY,19,TRAIN,EW19,19643,36833
2023-09,WEEKENDS/HOLIDAY,19,TRAIN,EW19,7153,8877
2023-09,WEEKDAY,14,TRAIN,PW7,2269,2845
2023-09,WEEKENDS/HOLIDAY,14,TRAIN,PW7,1429,1772
2023-09,WEEKENDS/HOLIDAY,8,TRAIN,BP11,2449,780
2023-09,WEEKDAY,8,TRAIN,BP11,10173,1786
2023-09,WEEKENDS/HOLIDAY,22,TRAIN,NS12,2539,8407
2023-09,WEEKDAY,22,TRAIN,NS12,4358,15706
2023-09,WEEKDAY,23,TRAIN,TE18,4027,820
2023-09,WEEKENDS/HOLIDAY,23,TRAIN,TE18,1996,622
2023-09,WEEKENDS/HOLIDAY,23,TRAIN,NS19,2665,9620
2023-09,WEEKDAY,23,TRAIN,NS19,4963,17378
2023-09,WEEKDAY,14,TRAIN,CC23,10388,11102
2023-09,WEEKENDS/HOLIDAY,14,TRAIN,CC23,2572,2587
2023-09,WEEKENDS/HOLIDAY,22,TRAIN,PE2,391,2982
2023-09,WEEKDAY,22,TRAIN,PE2,712,5813
2023-09,WEEKENDS/HOLIDAY,22,TRAIN,NE9,3739,9383
2023-09,WEEKDAY,22,TRAIN,NE9,7507,18272
2023-09,WEEKDAY,21,TRAIN,TE13,2784,1807
2023-09,WEEKENDS/HOLIDAY,21,TRAIN,TE13,1229,1133
2023-09,WEEKDAY,5,TRAIN,CC23,376,947
2023-09,WEEKENDS/HOLIDAY,5,TRAIN,CC23,131,39
2023-09,WEEKDAY,8,TRAIN,TE8,16298,12154
2023-09,WEEKENDS/HOLIDAY,8,TRAIN,TE8,2820,4186
2023-09,WEEKDAY,6,TRAIN,EW29,8466,48256
2023-09,WEEKENDS/HOLIDAY,6,TRAIN,EW29,2326,9234
2023-09,WEEKDAY,11,TRAIN,CC5,3449,4842
2023-09,WEEKENDS/HOLIDAY,11,TRAIN,CC5,2235,4243
2023-09,WEEKDAY,9,TRAIN,NE13,33981,22303
2023-09,WEEKENDS/HOLIDAY,9,TRAIN,NE13,13793,11754
2023-09,WEEKDAY,18,TRAIN,EW15,208083,54963
2023-09,WEEKENDS/HOLIDAY,18,TRAIN,EW15,13251,13063
2023-09,WEEKDAY,20,TRAIN,CC8,6163,11537
2023-09,WEEKENDS/HOLIDAY,20,TRAIN,CC8,3520,4614
2023-09,WEEKDAY,16,TRAIN,PW3,1403,1254
2023-09,WEEKENDS/HOLIDAY,16,TRAIN,PW3,952,524
2023-09,WEEKDAY,18,TRAIN,EW21/CC22,108559,52817
2023-09,WEEKENDS/HOLIDAY,18,TRAIN,EW21/CC22,13544,12132
2023-09,WEEKDAY,13,TRAIN,PE4,1546,1726
2023-09,WEEKENDS/HOLIDAY,13,TRAIN,PE4,1051,984
2023-09,WEEKDAY,12,TRAIN,NE4/DT19,57830,82922
2023-09,WEEKENDS/HOLIDAY,12,TRAIN,NE4/DT19,28464,43715
2023-09,WEEKDAY,19,TRAIN,NE13,22115,47789
2023-09,WEEKENDS/HOLIDAY,19,TRAIN,NE13,11426,13387
2023-09,WEEKENDS/HOLIDAY,0,TRAIN,CC6,96,406
2023-09,WEEKDAY,0,TRAIN,CC6,90,251
2023-09,WEEKDAY,18,TRAIN,DT6,19829,16989
2023-09,WEEKENDS/HOLIDAY,18,TRAIN,DT6,4603,3383
2023-09,WEEKDAY,11,TRAIN,EW17,20811,18353
2023-09,WEEKENDS/HOLIDAY,11,TRAIN,EW17,13739,12004
2023-09,WEEKENDS/HOLIDAY,10,TRAIN,CC19/DT9,4068,5991
2023-09,WEEKDAY,10,TRAIN,CC19/DT9,5328,7198
2023-09,WEEKDAY,14,TRAIN,PE1,2965,3488
2023-09,WEEKENDS/HOLIDAY,14,TRAIN,PE1,1822,1803
2023-09,WEEKDAY,7,TRAIN,DT18,1692,25415
2023-09,WEEKENDS/HOLIDAY,7,TRAIN,DT18,383,1832
2023-09,WEEKDAY,7,TRAIN,NS11,147956,52168
2023-09,WEEKENDS/HOLIDAY,7,TRAIN,NS11,20368,9324
2023-09,WEEKENDS/HOLIDAY,7,TRAIN,DT22,3510,2953
2023-09,WEEKDAY,7,TRAIN,DT22,13538,8096
2023-09,WEEKDAY,23,TRAIN,SE2,256,3269
2023-09,WEEKENDS/HOLIDAY,23,TRAIN,SE2,175,1831
2023-09,WEEKENDS/HOLIDAY,0,TRAIN,PE2,44,588
2023-09,WEEKDAY,0,TRAIN,PE2,68,951
2023-09,WEEKDAY,9,TRAIN,TE14/NS22,20544,115963
2023-09,WEEKENDS/HOLIDAY,9,TRAIN,TE14/NS22,10469,56166
2023-09,WEEKDAY,8,TRAIN,SE4,9202,2619
2023-09,WEEKENDS/HOLIDAY,8,TRAIN,SE4,2104,1373
2023-09,WEEKENDS/HOLIDAY,13,TRAIN,SW2,2933,2450
2023-09,WEEKDAY,13,TRAIN,SW2,4142,4331
2023-09,WEEKENDS/HOLIDAY,21,TRAIN,EW12/DT14,45282,14448
2023-09,WEEKDAY,21,TRAIN,EW12/DT14,92782,26634
2023-09,WEEKENDS/HOLIDAY,18,TRAIN,TE7,3072,3012
2023-09,WEEKDAY,18,TRAIN,TE7,15614,11914
2023-09,WEEKENDS/HOLIDAY,23,TRAIN,PE6,219,1151
2023-09,WEEKDAY,23,TRAIN,PE6,457,2358
2023-09,WEEKDAY,0,TRAIN,BP6/DT1,1,5643
2023-09,WEEKENDS/HOLIDAY,0,TRAIN,BP6/DT1,1,3568
2023-09,WEEKDAY,19,TRAIN,NS23,57751,50630
2023-09,WEEKENDS/HOLIDAY,19,TRAIN,NS23,28800,18823
2023-09,WEEKDAY,13,TRAIN,NE5,10486,13048
2023-09,WEEKENDS/HOLIDAY,13,TRAIN,NE5,5646,6709
2023-09,WEEKENDS/HOLIDAY,16,TRAIN,EW20,6411,5725
2023-09,WEEKDAY,16,TRAIN,EW20,14312,11206
2023-09,WEEKDAY,10,TRAIN,PE7,4384,1671
2023-09,WEEKENDS/HOLIDAY,10,TRAIN,PE7,3219,1124
2023-09,WEEKENDS/HOLIDAY,22,TRAIN,DT17,2983,1282
2023-09,WEEKDAY,22,TRAIN,DT17,10603,2313
2023-09,WEEKENDS/HOLIDAY,8,TRAIN,EW19,7580,5335
2023-09,WEEKDAY,8,TRAIN,EW19,53274,28054
2023-09,WEEKENDS/HOLIDAY,12,TRAIN,PE2,3501,2218
2023-09,WEEKDAY,12,TRAIN,PE2,5692,3841
2023-09,WEEKENDS/HOLIDAY,7,TRAIN,CC27,316,2081
2023-09,WEEKDAY,7,TRAIN,CC27,1008,18115
2023-09,WEEKDAY,13,TRAIN,NE1/CC29,43907,49585
2023-09,WEEKENDS/HOLIDAY,13,TRAIN,NE1/CC29,23159,42085
2023-09,WEEKENDS/HOLIDAY,18,TRAIN,SE2,2756,3480
2023-09,WEEKDAY,18,TRAIN,SE2,4913,13988
2023-09,WEEKENDS/HOLIDAY,20,TRAIN,CC10/DT26,4393,6895
2023-09,WEEKDAY,20,TRAIN,CC10/DT26,12525,16256
2023-09,WEEKDAY,17,TRAIN,CC17/TE9,11264,10262
2023-09,WEEKENDS/HOLIDAY,17,TRAIN,CC17/TE9,3591,2385
2023-09,WEEKDAY,14,TRAIN,EW14/NS26,40323,47873
2023-09,WEEKENDS/HOLIDAY,14,TRAIN,EW14/NS26,12490,12619
2023-09,WEEKDAY,8,TRAIN,CC26,6003,26843
2023-09,WEEKENDS/HOLIDAY,8,TRAIN,CC26,1856,1759
2023-09,WEEKDAY,9,TRAIN,TE1,2629,6914
2023-09,WEEKENDS/HOLIDAY,9,TRAIN,TE1,1864,1001
2023-09,WEEKENDS/HOLIDAY,12,TRAIN,CC2,3164,3308
2023-09,WEEKDAY,12,TRAIN,CC2,5550,7911
2023-09,WEEKENDS/HOLIDAY,8,TRAIN,TE19,336,1153
2023-09,WEEKDAY,8,TRAIN,TE19,1571,53356
2023-09,WEEKENDS/HOLIDAY,15,TRAIN,EW19,7853,8539
2023-09,WEEKDAY,15,TRAIN,EW19,12578,14343
2023-09,WEEKENDS/HOLIDAY,15,TRAIN,EW6,5164,6333
2023-09,WEEKDAY,15,TRAIN,EW6,6620,11406
2023-09,WEEKENDS/HOLIDAY,10,TRAIN,PE2,3971,1211
2023-09,WEEKDAY,10,TRAIN,PE2,5983,1745
2023-09,WEEKENDS/HOLIDAY,6,TRAIN,NE12/CC13,10736,3789
2023-09,WEEKDAY,6,TRAIN,NE12/CC13,51623,23898
2023-09,WEEKENDS/HOLIDAY,17,TRAIN,CC4/DT15,16211,18627
2023-09,WEEKDAY,17,TRAIN,CC4/DT15,50748,23684
2023-09,WEEKDAY,13,TRAIN,NS13,45020,41211
2023-09,WEEKENDS/HOLIDAY,13,TRAIN,NS13,30767,28540
2023-09,WEEKDAY,15,TRAIN,DT13,10332,9646
2023-09,WEEKENDS/HOLIDAY,15,TRAIN,DT13,7119,7277
2023-09,WEEKENDS/HOLIDAY,15,TRAIN,TE12,2204,1355
2023-09,WEEKDAY,15,TRAIN,TE12,5453,3278
2023-09,WEEKENDS/HOLIDAY,7,TRAIN,DT20,673,2130
2023-09,WEEKDAY,7,TRAIN,DT20,5699,8511
2023-09,WEEKDAY,23,TRAIN,NS28,189,177
2023-09,WEEKENDS/HOLIDAY,23,TRAIN,NS28,166,114
2023-09,WEEKDAY,0,TRAIN,EW16/NE3/TE17,96,723
2023-09,WEEKENDS/HOLIDAY,0,TRAIN,EW16/NE3/TE17,116,884
2023-09,WEEKDAY,19,TRAIN,PE7,5358,10005
2023-09,WEEKENDS/HOLIDAY,19,TRAIN,PE7,1879,2697
2023-09,WEEKENDS/HOLIDAY,7,TRAIN,SW8,794,400
2023-09,WEEKDAY,7,TRAIN,SW8,4537,4302
2023-09,WEEKDAY,7,TRAIN,NS4/BP1,109677,62879
2023-09,WEEKENDS/HOLIDAY,7,TRAIN,NS4/BP1,15837,8669
2023-09,WEEKENDS/HOLIDAY,19,TRAIN,NS2,11341,16377
2023-09,WEEKDAY,19,TRAIN,NS2,28088,60672
2023-09,WEEKENDS/HOLIDAY,8,TRAIN,BP5,1031,777
2023-09,WEEKDAY,8,TRAIN,BP5,4279,2706
2023-09,WEEKDAY,20,TRAIN,DT25,3093,5998
2023-09,WEEKENDS/HOLIDAY,20,TRAIN,DT25,1129,2251
2023-09,WEEKENDS/HOLIDAY,11,TRAIN,PE1,2581,1326
2023-09,WEEKDAY,11,TRAIN,PE1,3643,1950
2023-09,WEEKENDS/HOLIDAY,23,TRAIN,EW25,847,3290
2023-09,WEEKDAY,23,TRAIN,EW25,1146,5874
2023-09,WEEKENDS/HOLIDAY,5,TRAIN,NS28,23,1
2023-09,WEEKDAY,5,TRAIN,NS28,38,2
2023-09,WEEKDAY,17,TRAIN,EW24/NS1,182121,98323
2023-09,WEEKENDS/HOLIDAY,17,TRAIN,EW24/NS1,53486,50773
2023-09,WEEKENDS/HOLIDAY,23,TRAIN,EW31,82,586
2023-09,WEEKDAY,23,TRAIN,EW31,210,497
2023-09,WEEKDAY,7,TRAIN,NS21/DT11,65890,74053
2023-09,WEEKENDS/HOLIDAY,7,TRAIN,NS21/DT11,13235,15372
2023-09,WEEKDAY,0,TRAIN,EW1,3,4909
2023-09,WEEKENDS/HOLIDAY,0,TRAIN,EW1,6,3047
2023-09,WEEKDAY,23,TRAIN,DT34,1039,2297
2023-09,WEEKENDS/HOLIDAY,23,TRAIN,DT34,415,1237
2023-09,WEEKDAY,7,TRAIN,DT13,9351,8142
2023-09,WEEKENDS/HOLIDAY,7,TRAIN,DT13,2506,2239
2023-09,WEEKDAY,15,TRAIN,CC27,4244,2269
2023-09,WEEKENDS/HOLIDAY,15,TRAIN,CC27,1277,1106
2023-09,WEEKENDS/HOLIDAY,12,TRAIN,EW29,7640,3919
2023-09,WEEKDAY,12,TRAIN,EW29,9964,7084
2023-09,WEEKENDS/HOLIDAY,22,TRAIN,EW22,795,2661
2023-09,WEEKDAY,22,TRAIN,EW22,5649,5240
2023-09,WEEKDAY,7,TRAIN,CC26,6788,20467
2023-09,WEEKENDS/HOLIDAY,7,TRAIN,CC26,2486,3202
2023-09,WEEKENDS/HOLIDAY,22,TRAIN,PW6,142,678
2023-09,WEEKDAY,22,TRAIN,PW6,177,1487
2023-09,WEEKENDS/HOLIDAY,21,TRAIN,TE3,1713,4863
2023-09,WEEKDAY,21,TRAIN,TE3,5863,11146
2023-09,WEEKDAY,20,TRAIN,EW33,3829,4463
2023-09,WEEKENDS/HOLIDAY,20,TRAIN,EW33,1927,2580
2023-09,WEEKENDS/HOLIDAY,23,TRAIN,EW24/NS1,7517,7299
2023-09,WEEKDAY,23,TRAIN,EW24/NS1,13848,10751
2023-09,WEEKENDS/HOLIDAY,15,TRAIN,DT5,8632,7565
2023-09,WEEKDAY,15,TRAIN,DT5,12611,13526
2023-09,WEEKDAY,9,TRAIN,NE17/PTC,53711,21514
2023-09,WEEKENDS/HOLIDAY,9,TRAIN,NE17/PTC,22441,12543
2023-09,WEEKDAY,15,TRAIN,TE16,4145,4893
2023-09,WEEKENDS/HOLIDAY,15,TRAIN,TE16,3720,3352
2023-09,WEEKENDS/HOLIDAY,13,TRAIN,PE7,2697,2009
2023-09,WEEKDAY,13,TRAIN,PE7,4786,4472
2023-09,WEEKENDS/HOLIDAY,20,TRAIN,NE7/DT12,23800,14207
2023-09,WEEKDAY,20,TRAIN,NE7/DT12,31099,24842
2023-09,WEEKDAY,19,TRAIN,CE1/DT16,53212,52269
2023-09,WEEKENDS/HOLIDAY,19,TRAIN,CE1/DT16,35185,33862
2023-09,WEEKENDS/HOLIDAY,5,TRAIN,CG1/DT35,242,27
2023-09,WEEKDAY,5,TRAIN,CG1/DT35,458,208
2023-09,WEEKENDS/HOLIDAY,22,TRAIN,SW7,228,1293
2023-09,WEEKDAY,22,TRAIN,SW7,492,2722
2023-09,WEEKENDS/HOLIDAY,17,TRAIN,NE5,7380,9317
2023-09,WEEKDAY,17,TRAIN,NE5,30053,15708
2023-09,WEEKDAY,0,TRAIN,EW31,1,150
2023-09,WEEKENDS/HOLIDAY,0,TRAIN,EW31,1,192
2023-09,WEEKDAY,19,TRAIN,CC25,12928,10172
2023-09,WEEKENDS/HOLIDAY,19,TRAIN,CC25,3938,3511
2023-09,WEEKENDS/HOLIDAY,0,TRAIN,CC20,22,227
2023-09,WEEKDAY,0,TRAIN,CC20,44,255
2023-09,WEEKENDS/HOLIDAY,19,TRAIN,NS24/NE6/CC1,26597,17538
2023-09,WEEKDAY,19,TRAIN,NS24/NE6/CC1,62323,46124
2023-09,WEEKDAY,7,TRAIN,PE6,16985,6284
2023-09,WEEKENDS/HOLIDAY,7,TRAIN,PE6,1761,1061
2023-09,WEEKENDS/HOLIDAY,0,TRAIN,EW15,117,882
2023-09,WEEKDAY,0,TRAIN,EW15,198,364
2023-09,WEEKENDS/HOLIDAY,21,TRAIN,BP3,685,2653
2023-09,WEEKDAY,21,TRAIN,BP3,1391,6256
2023-09,WEEKDAY,16,TRAIN,EW5,28313,37341
2023-09,WEEKENDS/HOLIDAY,16,TRAIN,EW5,18381,20649
2023-09,WEEKDAY,16,TRAIN,SW7,2062,3096
2023-09,WEEKENDS/HOLIDAY,16,TRAIN,SW7,1259,1214
2023-09,WEEKDAY,10,TRAIN,DT22,7220,7984
2023-09,WEEKENDS/HOLIDAY,10,TRAIN,DT22,3448,6304
2023-09,WEEKDAY,14,TRAIN,SW3,2070,1997
2023-09,WEEKENDS/HOLIDAY,14,TRAIN,SW3,1111,1109
2023-09,WEEKDAY,19,TRAIN,NS14,27702,76796
2023-09,WEEKENDS/HOLIDAY,19,TRAIN,NS14,11623,17768
2023-09,WEEKDAY,7,TRAIN,DT17,2876,35826
2023-09,WEEKENDS/HOLIDAY,7,TRAIN,DT17,667,2128
2023-09,WEEKDAY,19,TRAIN,CC3,17107,7962
2023-09,WEEKENDS/HOLIDAY,19,TRAIN,CC3,9827,6277
2023-09,WEEKDAY,6,TRAIN,BP11,11621,1118
2023-09,WEEKENDS/HOLIDAY,6,TRAIN,BP11,1387,144
2023-09,WEEKENDS/HOLIDAY,11,TRAIN,NS4/BP1,20172,15437
2023-09,WEEKDAY,11,TRAIN,NS4/BP1,28255,21977
2023-09,WEEKENDS/HOLIDAY,5,TRAIN,PW7,161,92
2023-09,WEEKDAY,5,TRAIN,PW7,825,356
2023-09,WEEKDAY,14,TRAIN,NE16/STC,40647,44837
2023-09,WEEKENDS/HOLIDAY,14,TRAIN,NE16/STC,25876,23552
2023-09,WEEKENDS/HOLIDAY,22,TRAIN,NE12/CC13,15316,26007
2023-09,WEEKDAY,22,TRAIN,NE12/CC13,27582,53634
2023-09,WEEKENDS/HOLIDAY,0,TRAIN,SE4,17,294
2023-09,WEEKDAY,0,TRAIN,SE4,31,506
2023-09,WEEKENDS/HOLIDAY,20,TRAIN,TE14/NS22,53396,17162
2023-09,WEEKDAY,20,TRAIN,TE14/NS22,98968,31365
2023-09,WEEKENDS/HOLIDAY,15,TRAIN,CC5,3883,6019
2023-09,WEEKDAY,15,TRAIN,CC5,4030,5128
2023-09,WEEKDAY,6,TRAIN,PW7,3555,2841
2023-09,WEEKENDS/HOLIDAY,6,TRAIN,PW7,396,779
2023-09,WEEKDAY,12,TRAIN,EW11,18079,16492
2023-09,WEEKENDS/HOLIDAY,12,TRAIN,EW11,11338,10752
2023-09,WEEKENDS/HOLIDAY,6,TRAIN,PW5,3620,285
2023-09,WEEKDAY,6,TRAIN,PW5,8385,1566
2023-09,WEEKDAY,14,TRAIN,NS21/DT11,48649,55531
2023-09,WEEKENDS/HOLIDAY,14,TRAIN,NS21/DT11,31524,32657
2023-09,WEEKENDS/HOLIDAY,8,TRAIN,NS11,23541,10174
2023-09,WEEKDAY,8,TRAIN,NS11,106145,35966
2023-09,WEEKDAY,20,TRAIN,PE4,922,2483
2023-09,WEEKENDS/HOLIDAY,20,TRAIN,PE4,752,1167
2023-09,WEEKENDS/HOLIDAY,23,TRAIN,EW18,1555,3989
2023-09,WEEKDAY,23,TRAIN,EW18,2509,7086
2023-09,WEEKENDS/HOLIDAY,18,TRAIN,CC25,4076,3852
2023-09,WEEKDAY,18,TRAIN,CC25,27002,13771
2023-09,WEEKDAY,16,TRAIN,DT27,8788,6451
2023-09,WEEKENDS/HOLIDAY,16,TRAIN,DT27,4380,3706
2023-09,WEEKDAY,23,TRAIN,PW3,75,609
2023-09,WEEKENDS/HOLIDAY,23,TRAIN,PW3,44,350
2023-09,WEEKDAY,18,TRAIN,NE12/CC13,86702,186553
2023-09,WEEKENDS/HOLIDAY,18,TRAIN,NE12/CC13,36801,44102
2023-09,WEEKENDS/HOLIDAY,7,TRAIN,EW22,1633,1804
2023-09,WEEKDAY,7,TRAIN,EW22,14245,19586
2023-09,WEEKENDS/HOLIDAY,10,TRAIN,EW29,3171,2919
2023-09,WEEKDAY,10,TRAIN,EW29,3685,5838
2023-09,WEEKENDS/HOLIDAY,0,TRAIN,CC2,43,178
2023-09,WEEKDAY,0,TRAIN,CC2,74,102
2023-09,WEEKENDS/HOLIDAY,20,TRAIN,CC25,1913,2825
2023-09,WEEKDAY,20,TRAIN,CC25,5500,6531
2023-09,WEEKENDS/HOLIDAY,7,TRAIN,EW9,14164,5601
2023-09,WEEKDAY,7,TRAIN,EW9,51265,29525
2023-09,WEEKENDS/HOLIDAY,19,TRAIN,DT6,2688,3182
2023-09,WEEKDAY,19,TRAIN,DT6,9046,11136
2023-09,WEEKDAY,5,TRAIN,NS5,15796,2175
2023-09,WEEKENDS/HOLIDAY,5,TRAIN,NS5,3866,445
2023-09,WEEKENDS/HOLIDAY,8,TRAIN,CC4/DT15,846,7283
2023-09,WEEKDAY,8,TRAIN,CC4/DT15,5469,76503
2023-09,WEEKDAY,17,TRAIN,EW29,92769,10227
2023-09,WEEKENDS/HOLIDAY,17,TRAIN,EW29,16270,7434
2023-09,WEEKENDS/HOLIDAY,15,TRAIN,PW1,1481,1866
2023-09,WEEKDAY,15,TRAIN,PW1,2005,2788
2023-09,WEEKDAY,18,TRAIN,NS25/EW13,127175,99392
2023-09,WEEKENDS/HOLIDAY,18,TRAIN,NS25/EW13,54006,39883
2023-09,WEEKDAY,19,TRAIN,NS27/CE2/TE20,17308,4729
2023-09,WEEKENDS/HOLIDAY,19,TRAIN,NS27/CE2/TE20,2473,3211
2023-09,WEEKDAY,5,TRAIN,CC10/DT26,3233,477
2023-09,WEEKENDS/HOLIDAY,5,TRAIN,CC10/DT26,702,86
2023-09,WEEKDAY,11,TRAIN,PW7,2234,1533
2023-09,WEEKENDS/HOLIDAY,11,TRAIN,PW7,1825,1292
2023-09,WEEKDAY,6,TRAIN,NE8,15700,9194
2023-09,WEEKENDS/HOLIDAY,6,TRAIN,NE8,4406,3277
2023-09,WEEKDAY,23,TRAIN,EW28,2893,14082
2023-09,WEEKENDS/HOLIDAY,23,TRAIN,EW28,1179,9336
2023-09,WEEKENDS/HOLIDAY,23,TRAIN,TE19,483,261
2023-09,WEEKDAY,23,TRAIN,TE19,1557,341
2023-09,WEEKDAY,5,TRAIN,SW7,1079,63
2023-09,WEEKENDS/HOLIDAY,5,TRAIN,SW7,272,15
2023-09,WEEKENDS/HOLIDAY,12,TRAIN,PW6,1064,711
2023-09,WEEKDAY,12,TRAIN,PW6,1766,1094
2023-09,WEEKDAY,5,TRAIN,EW23,5242,4251
2023-09,WEEKENDS/HOLIDAY,5,TRAIN,EW23,1220,580
2023-09,WEEKENDS/HOLIDAY,21,TRAIN,NE14,6543,19685
2023-09,WEEKDAY,21,TRAIN,NE14,13806,43982
2023-09,WEEKDAY,6,TRAIN,EW33,8179,6712
2023-09,WEEKENDS/HOLIDAY,6,TRAIN,EW33,1905,1464
2023-09,WEEKENDS/HOLIDAY,22,TRAIN,BP11,312,1580
2023-09,WEEKDAY,22,TRAIN,BP11,569,3304
2023-09,WEEKENDS/HOLIDAY,15,TRAIN,PE5,2632,2944
2023-09,WEEKDAY,15,TRAIN,PE5,4186,5885
2023-09,WEEKDAY,22,TRAIN,NE4/DT19,43472,18034
2023-09,WEEKENDS/HOLIDAY,22,TRAIN,NE4/DT19,21787,10310
2023-09,WEEKDAY,9,TRAIN,NE8,23700,29852
2023-09,WEEKENDS/HOLIDAY,9,TRAIN,NE8,9193,16071
2023-09,WEEKENDS/HOLIDAY,9,TRAIN,EW19,8844,4902
2023-09,WEEKDAY,9,TRAIN,EW19,31656,12516
2023-09,WEEKDAY,17,TRAIN,DT18,51195,10526
2023-09,WEEKENDS/HOLIDAY,17,TRAIN,DT18,3570,3858
2023-09,WEEKENDS/HOLIDAY,23,TRAIN,BP12,82,370
2023-09,WEEKDAY,23,TRAIN,BP12,171,856
2023-09,WEEKENDS/HOLIDAY,21,TRAIN,CC23,2766,963
2023-09,WEEKDAY,21,TRAIN,CC23,12619,1915
2023-09,WEEKENDS/HOLIDAY,7,TRAIN,NE5,888,2542
2023-09,WEEKDAY,7,TRAIN,NE5,3110,14960
2023-09,WEEKENDS/HOLIDAY,6,TRAIN,TE14/NS22,1711,7500
2023-09,WEEKDAY,6,TRAIN,TE14/NS22,4605,22912
2023-09,WEEKENDS/HOLIDAY,22,TRAIN,BP5,489,672
2023-09,WEEKDAY,22,TRAIN,BP5,845,1379
2023-09,WEEKDAY,5,TRAIN,BP3,2870,224
2023-09,WEEKENDS/HOLIDAY,5,TRAIN,BP3,799,53
2023-09,WEEKDAY,13,TRAIN,NS12,10353,10526
2023-09,WEEKENDS/HOLIDAY,13,TRAIN,NS12,8401,6737
2023-09,WEEKENDS/HOLIDAY,18,TRAIN,TE5,2345,2693
2023-09,WEEKDAY,18,TRAIN,TE5,8101,12078
2023-09,WEEKENDS/HOLIDAY,6,TRAIN,TE6,3112,655
2023-09,WEEKDAY,6,TRAIN,TE6,14511,4587
2023-09,WEEKDAY,6,TRAIN,PE2,8724,2018
2023-09,WEEKENDS/HOLIDAY,6,TRAIN,PE2,1259,178
2023-09,WEEKDAY,17,TRAIN,EW31,28304,1751
2023-09,WEEKENDS/HOLIDAY,17,TRAIN,EW31,5016,1298
2023-09,WEEKENDS/HOLIDAY,16,TRAIN,EW21/CC22,12763,9417
2023-09,WEEKDAY,16,TRAIN,EW21/CC22,39032,17902
2023-09,WEEKDAY,18,TRAIN,PE7,7437,10143
2023-09,WEEKENDS/HOLIDAY,18,TRAIN,PE7,2468,2414
2023-09,WEEKENDS/HOLIDAY,0,TRAIN,DT28,17,810
2023-09,WEEKDAY,0,TRAIN,DT28,35,1159
2023-09,WEEKDAY,7,TRAIN,BP8,5495,4687
2023-09,WEEKENDS/HOLIDAY,7,TRAIN,BP8,436,565
2023-09,WEEKDAY,10,TRAIN,CC16,7654,4937
2023-09,WEEKENDS/HOLIDAY,10,TRAIN,CC16,3443,3085
2023-09,WEEKDAY,9,TRAIN,BP2,5002,1313
2023-09,WEEKENDS/HOLIDAY,9,TRAIN,BP2,2134,828
2023-09,WEEKDAY,15,TRAIN,SE2,3400,5838
2023-09,WEEKENDS/HOLIDAY,15,TRAIN,SE2,2640,2761
2023-09,WEEKDAY,6,TRAIN,BP12,8563,1651
2023-09,WEEKENDS/HOLIDAY,6,TRAIN,BP12,1091,162
2023-09,WEEKDAY,14,TRAIN,NS19,32400,36572
2023-09,WEEKENDS/HOLIDAY,14,TRAIN,NS19,20321,20574
2023-09,WEEKENDS/HOLIDAY,19,TRAIN,SE5,874,1720
2023-09,WEEKDAY,19,TRAIN,SE5,2248,5255
2023-09,WEEKENDS/HOLIDAY,18,TRAIN,EW32,4025,3619
2023-09,WEEKDAY,18,TRAIN,EW32,18317,4772
2023-09,WEEKENDS/HOLIDAY,6,TRAIN,CC20,629,644
2023-09,WEEKDAY,6,TRAIN,CC20,4382,4453
2023-09,WEEKDAY,22,TRAIN,DT18,15651,2586
2023-09,WEEKENDS/HOLIDAY,22,TRAIN,DT18,4521,1705
2023-09,WEEKENDS/HOLIDAY,0,TRAIN,DT2,0,184
2023-09,WEEKDAY,0,TRAIN,DT2,6,364
2023-09,WEEKDAY,11,TRAIN,TE8,6638,7022
2023-09,WEEKENDS/HOLIDAY,11,TRAIN,TE8,5497,5645
2023-09,WEEKENDS/HOLIDAY,13,TRAIN,PW4,3553,3346
2023-09,WEEKDAY,13,TRAIN,PW4,4586,5338
2023-09,WEEKENDS/HOLIDAY,0,TRAIN,CC4/DT15,1509,306
2023-09,WEEKDAY,0,TRAIN,CC4/DT15,1012,296
2023-09,WEEKDAY,10,TRAIN,NS24/NE6/CC1,12749,32303
2023-09,WEEKENDS/HOLIDAY,10,TRAIN,NS24/NE6/CC1,8219,18544
2023-09,WEEKENDS/HOLIDAY,7,TRAIN,EW30,1462,4410
2023-09,WEEKDAY,7,TRAIN,EW30,3662,29332
2023-09,WEEKENDS/HOLIDAY,19,TRAIN,NS7,15682,14474
2023-09,WEEKDAY,19,TRAIN,NS7,22630,36511
2023-09,WEEKDAY,9,TRAIN,DT17,4023,110072
2023-09,WEEKENDS/HOLIDAY,9,TRAIN,DT17,1095,2821
2023-09,WEEKDAY,22,TRAIN,EW31,1225,1286
2023-09,WEEKENDS/HOLIDAY,22,TRAIN,EW31,499,1174
2023-09,WEEKENDS/HOLIDAY,19,TRAIN,NS25/EW13,46686,26962
2023-09,WEEKDAY,19,TRAIN,NS25/EW13,90038,54752
2023-09,WEEKENDS/HOLIDAY,13,TRAIN,EW31,1540,536
2023-09,WEEKDAY,13,TRAIN,EW31,1547,884
2023-09,WEEKENDS/HOLIDAY,15,TRAIN,NS17/CC15,22850,22172
2023-09,WEEKDAY,15,TRAIN,NS17/CC15,39968,39141
2023-09,WEEKDAY,7,TRAIN,TE1,10671,9798
2023-09,WEEKENDS/HOLIDAY,7,TRAIN,TE1,3308,1497
2023-09,WEEKDAY,13,TRAIN,BP11,2914,2461
2023-09,WEEKENDS/HOLIDAY,13,TRAIN,BP11,1903,1244
2023-09,WEEKDAY,16,TRAIN,TE6,7130,9877
2023-09,WEEKENDS/HOLIDAY,16,TRAIN,TE6,4509,4602
2023-09,WEEKENDS/HOLIDAY,15,TRAIN,TE19,2059,1671
2023-09,WEEKDAY,15,TRAIN,TE19,5800,3104
2023-09,WEEKENDS/HOLIDAY,10,TRAIN,NS20,11801,19545
2023-09,WEEKDAY,10,TRAIN,NS20,24389,45393
2023-09,WEEKENDS/HOLIDAY,13,TRAIN,NS8,10558,7911
2023-09,WEEKDAY,13,TRAIN,NS8,17222,12326
2023-09,WEEKENDS/HOLIDAY,6,TRAIN,PW1,11,154
2023-09,WEEKDAY,6,TRAIN,PW1,43,523
2023-09,WEEKENDS/HOLIDAY,12,TRAIN,EW9,13331,11191
2023-09,WEEKDAY,12,TRAIN,EW9,18075,14328
2023-09,WEEKDAY,19,TRAIN,NS11,32215,104072
2023-09,WEEKENDS/HOLIDAY,19,TRAIN,NS11,15300,26989
2023-09,WEEKDAY,12,TRAIN,SW5,8536,7363
2023-09,WEEKENDS/HOLIDAY,12,TRAIN,SW5,5504,4384
2023-09,WEEKENDS/HOLIDAY,21,TRAIN,TE5,669,2573
2023-09,WEEKDAY,21,TRAIN,TE5,1354,5824
2023-09,WEEKENDS/HOLIDAY,11,TRAIN,EW32,2508,743
2023-09,WEEKDAY,11,TRAIN,EW32,1861,1421
2023-09,WEEKENDS/HOLIDAY,16,TRAIN,PE4,994,1007
2023-09,WEEKDAY,16,TRAIN,PE4,1356,2023
2023-09,WEEKENDS/HOLIDAY,17,TRAIN,BP13,559,286
2023-09,WEEKDAY,17,TRAIN,BP13,1480,1924
2023-09,WEEKENDS/HOLIDAY,13,TRAIN,EW18,9431,9045
2023-09,WEEKDAY,13,TRAIN,EW18,15555,15380
2023-09,WEEKDAY,10,TRAIN,EW1,30288,10929
2023-09,WEEKENDS/HOLIDAY,10,TRAIN,EW1,18984,6943
2023-09,WEEKENDS/HOLIDAY,13,TRAIN,DT13,6922,8445
2023-09,WEEKDAY,13,TRAIN,DT13,15514,12558
2023-09,WEEKENDS/HOLIDAY,14,TRAIN,NS4/BP1,18911,19812
2023-09,WEEKDAY,14,TRAIN,NS4/BP1,28551,32946
2023-09,WEEKDAY,20,TRAIN,BP10,1300,5170
2023-09,WEEKENDS/HOLIDAY,20,TRAIN,BP10,570,2028
2023-09,WEEKENDS/HOLIDAY,15,TRAIN,EW21/CC22,11122,9490
2023-09,WEEKDAY,15,TRAIN,EW21/CC22,29113,15318
2023-09,WEEKENDS/HOLIDAY,17,TRAIN,NS7,18632,13965
2023-09,WEEKDAY,17,TRAIN,NS7,35960,35113
2023-09,WEEKENDS/HOLIDAY,0,TRAIN,CC12,43,505
2023-09,WEEKDAY,0,TRAIN,CC12,49,757
2023-09,WEEKENDS/HOLIDAY,19,TRAIN,DT20,3468,3452
2023-09,WEEKDAY,19,TRAIN,DT20,9742,10886
2023-09,WEEKENDS/HOLIDAY,20,TRAIN,DT18,3311,2653
2023-09,WEEKDAY,20,TRAIN,DT18,23990,5729
2023-09,WEEKENDS/HOLIDAY,7,TRAIN,PW3,548,1307
2023-09,WEEKDAY,7,TRAIN,PW3,5279,4562
2023-09,WEEKENDS/HOLIDAY,0,TRAIN,NE7/DT12,135,528
2023-09,WEEKDAY,0,TRAIN,NE7/DT12,151,656
2023-09,WEEKENDS/HOLIDAY,23,TRAIN,NE15,964,6543
2023-09,WEEKDAY,23,TRAIN,NE15,1468,13246
2023-09,WEEKENDS/HOLIDAY,19,TRAIN,TE12,1842,938
2023-09,WEEKDAY,19,TRAIN,TE12,4850,2793
2023-09,WEEKDAY,5,TRAIN,DT22,1164,0
2023-09,WEEKENDS/HOLIDAY,5,TRAIN,DT22,201,2
2023-09,WEEKDAY,7,TRAIN,SW3,9026,3678
2023-09,WEEKENDS/HOLIDAY,7,TRAIN,SW3,1062,299
2023-09,WEEKENDS/HOLIDAY,23,TRAIN,BP8,139,320
2023-09,WEEKDAY,23,TRAIN,BP8,289,631
2023-09,WEEKENDS/HOLIDAY,11,TRAIN,CC14,4147,2340
2023-09,WEEKDAY,11,TRAIN,CC14,7551,3372
2023-09,WEEKENDS/HOLIDAY,19,TRAIN,EW6,4948,7862
2023-09,WEEKDAY,19,TRAIN,EW6,9987,30831
2023-09,WEEKDAY,10,TRAIN,EW17,22477,19866
2023-09,WEEKENDS/HOLIDAY,10,TRAIN,EW17,12991,11381
2023-09,WEEKENDS/HOLIDAY,23,TRAIN,NS5,1849,8961
2023-09,WEEKDAY,23,TRAIN,NS5,2842,15393
2023-09,WEEKENDS/HOLIDAY,10,TRAIN,EW32,2332,737
2023-09,WEEKDAY,10,TRAIN,EW32,1405,1902
2023-09,WEEKDAY,16,TRAIN,CC16,9537,6561
2023-09,WEEKENDS/HOLIDAY,16,TRAIN,CC16,3495,3249
2023-09,WEEKDAY,17,TRAIN,NE11,23280,18802
2023-09,WEEKENDS/HOLIDAY,17,TRAIN,NE11,8413,8078
2023-09,WEEKENDS/HOLIDAY,15,TRAIN,NS4/BP1,18143,19576
2023-09,WEEKDAY,15,TRAIN,NS4/BP1,29880,34634
2023-09,WEEKDAY,11,TRAIN,EW14/NS26,50426,49241
2023-09,WEEKENDS/HOLIDAY,11,TRAIN,EW14/NS26,8778,14616
2023-09,WEEKDAY,0,TRAIN,CC14,52,571
2023-09,WEEKENDS/HOLIDAY,0,TRAIN,CC14,70,490
2023-09,WEEKENDS/HOLIDAY,19,TRAIN,DT29,2490,4318
2023-09,WEEKDAY,19,TRAIN,DT29,5899,18906
2023-09,WEEKENDS/HOLIDAY,10,TRAIN,BP3,2918,1018
2023-09,WEEKDAY,10,TRAIN,BP3,4117,1425
2023-09,WEEKENDS/HOLIDAY,17,TRAIN,NS8,10464,10240
2023-09,WEEKDAY,17,TRAIN,NS8,29771,32643
2023-09,WEEKDAY,19,TRAIN,NS4/BP1,34851,89036
2023-09,WEEKENDS/HOLIDAY,19,TRAIN,NS4/BP1,15647,24235
2023-09,WEEKENDS/HOLIDAY,17,TRAIN,CC27,1922,1415
2023-09,WEEKDAY,17,TRAIN,CC27,30423,2524
2023-09,WEEKDAY,17,TRAIN,EW16/NE3/TE17,110679,24731
2023-09,WEEKENDS/HOLIDAY,17,TRAIN,EW16/NE3/TE17,14712,11982
2023-09,WEEKENDS/HOLIDAY,21,TRAIN,CC19/DT9,2345,1937
2023-09,WEEKDAY,21,TRAIN,CC19/DT9,5776,4213
2023-09,WEEKDAY,9,TRAIN,TE16,7774,8265
2023-09,WEEKENDS/HOLIDAY,9,TRAIN,TE16,3183,2525
2023-09,WEEKENDS/HOLIDAY,6,TRAIN,NS11,14325,4249
2023-09,WEEKDAY,6,TRAIN,NS11,81553,21475
2023-09,WEEKENDS/HOLIDAY,11,TRAIN,NS17/CC15,24096,18088
2023-09,WEEKDAY,11,TRAIN,NS17/CC15,37971,28786
2023-09,WEEKDAY,14,TRAIN,EW25,5016,6301
2023-09,WEEKENDS/HOLIDAY,14,TRAIN,EW25,4611,4780
2023-09,WEEKENDS/HOLIDAY,12,TRAIN,DT25,2684,1285
2023-09,WEEKDAY,12,TRAIN,DT25,3475,2705
2023-09,WEEKENDS/HOLIDAY,14,TRAIN,CC11,8822,7540
2023-09,WEEKDAY,14,TRAIN,CC11,12355,11613
2023-09,WEEKENDS/HOLIDAY,9,TRAIN,DT25,2120,1501
2023-09,WEEKDAY,9,TRAIN,DT25,6582,6133
2023-09,WEEKDAY,8,TRAIN,EW2/DT32,137281,56817
2023-09,WEEKENDS/HOLIDAY,8,TRAIN,EW2/DT32,20473,14484
2023-09,WEEKENDS/HOLIDAY,11,TRAIN,DT21,3271,4172
2023-09,WEEKDAY,11,TRAIN,DT21,6777,11366
2023-09,WEEKENDS/HOLIDAY,15,TRAIN,NE5,6315,7433
2023-09,WEEKDAY,15,TRAIN,NE5,10821,10784
2023-09,WEEKDAY,21,TRAIN,NS16,31144,61024
2023-09,WEEKENDS/HOLIDAY,21,TRAIN,NS16,13865,27523
2023-09,WEEKDAY,20,TRAIN,NS16,33691,65028
2023-09,WEEKENDS/HOLIDAY,20,TRAIN,NS16,14902,25839
2023-09,WEEKENDS/HOLIDAY,14,TRAIN,PW1,1604,1814
2023-09,WEEKDAY,14,TRAIN,PW1,1640,2703
2023-09,WEEKENDS/HOLIDAY,22,TRAIN,NS23,21234,5819
2023-09,WEEKDAY,22,TRAIN,NS23,41816,9830
2023-09,WEEKENDS/HOLIDAY,12,TRAIN,NE9,14543,9917
2023-09,WEEKDAY,12,TRAIN,NE9,24631,17115
2023-09,WEEKDAY,8,TRAIN,EW21/CC22,27368,108212
2023-09,WEEKENDS/HOLIDAY,8,TRAIN,EW21/CC22,5087,10813
2023-09,WEEKENDS/HOLIDAY,20,TRAIN,NS13,20567,31278
2023-09,WEEKDAY,20,TRAIN,NS13,38062,82080
2023-09,WEEKENDS/HOLIDAY,8,TRAIN,TE6,6056,2358
2023-09,WEEKDAY,8,TRAIN,TE6,34744,6001
2023-09,WEEKDAY,5,TRAIN,CC27,74,70
2023-09,WEEKENDS/HOLIDAY,5,TRAIN,CC27,43,4
2023-09,WEEKENDS/HOLIDAY,8,TRAIN,EW14/NS26,2142,10016
2023-09,WEEKDAY,8,TRAIN,EW14/NS26,9981,333911
2023-09,WEEKENDS/HOLIDAY,19,TRAIN,NS3,7387,11377
2023-09,WEEKDAY,19,TRAIN,NS3,15786,47159
2023-09,WEEKENDS/HOLIDAY,13,TRAIN,PE3,3901,3079
2023-09,WEEKDAY,13,TRAIN,PE3,7553,6918
2023-09,WEEKENDS/HOLIDAY,19,TRAIN,BP10,917,2034
2023-09,WEEKDAY,19,TRAIN,BP10,2253,8985
2023-09,WEEKENDS/HOLIDAY,10,TRAIN,PW7,1718,965
2023-09,WEEKDAY,10,TRAIN,PW7,2348,1351
2023-09,WEEKENDS/HOLIDAY,16,TRAIN,CC27,1880,1279
2023-09,WEEKDAY,16,TRAIN,CC27,8965,2092
2023-09,WEEKDAY,21,TRAIN,CC12,2313,7266
2023-09,WEEKENDS/HOLIDAY,21,TRAIN,CC12,982,3090
2023-09,WEEKDAY,0,TRAIN,PE3,63,774
2023-09,WEEKENDS/HOLIDAY,0,TRAIN,PE3,59,475
2023-09,WEEKENDS/HOLIDAY,6,TRAIN,NS27/CE2/TE20,286,350
2023-09,WEEKDAY,6,TRAIN,NS27/CE2/TE20,448,3964
2023-09,WEEKENDS/HOLIDAY,20,TRAIN,CC23,2201,1092
2023-09,WEEKDAY,20,TRAIN,CC23,21409,2523
2023-09,WEEKDAY,22,TRAIN,DT10/TE11,3321,5657
2023-09,WEEKENDS/HOLIDAY,22,TRAIN,DT10/TE11,1593,3011
2023-09,WEEKDAY,13,TRAIN,NS2,21825,19864
2023-09,WEEKENDS/HOLIDAY,13,TRAIN,NS2,15344,13476
2023-09,WEEKDAY,13,TRAIN,PW5,5313,2619
2023-09,WEEKENDS/HOLIDAY,13,TRAIN,PW5,1784,1506
2023-09,WEEKDAY,8,TRAIN,NS10,113984,43509
2023-09,WEEKENDS/HOLIDAY,8,TRAIN,NS10,25275,11648
2023-09,WEEKDAY,5,TRAIN,DT21,60,3
2023-09,WEEKENDS/HOLIDAY,5,TRAIN,DT21,10,0
2023-09,WEEKENDS/HOLIDAY,7,TRAIN,NE12/CC13,16949,8343
2023-09,WEEKDAY,7,TRAIN,NE12/CC13,116727,52550
2023-09,WEEKENDS/HOLIDAY,17,TRAIN,SW3,1051,1164
2023-09,WEEKDAY,17,TRAIN,SW3,2519,3730
2023-09,WEEKDAY,0,TRAIN,EW30,1,119
2023-09,WEEKENDS/HOLIDAY,0,TRAIN,EW30,3,165
2023-09,WEEKDAY,21,TRAIN,DT18,19546,3780
2023-09,WEEKENDS/HOLIDAY,21,TRAIN,DT18,3593,1960
2023-09,WEEKENDS/HOLIDAY,14,TRAIN,DT34,1959,1939
2023-09,WEEKDAY,14,TRAIN,DT34,3436,4333
2023-09,WEEKDAY,17,TRAIN,EW5,50371,57403
2023-09,WEEKENDS/HOLIDAY,17,TRAIN,EW5,19470,24563
2023-09,WEEKDAY,7,TRAIN,TE5,13941,4612
2023-09,WEEKENDS/HOLIDAY,7,TRAIN,TE5,1959,988
2023-09,WEEKDAY,15,TRAIN,BP5,1935,1683
2023-09,WEEKENDS/HOLIDAY,15,TRAIN,BP5,1101,910
2023-09,WEEKDAY,7,TRAIN,CC16,16224,21986
2023-09,WEEKENDS/HOLIDAY,7,TRAIN,CC16,2046,2588
2023-09,WEEKENDS/HOLIDAY,16,TRAIN,NE13,13845,12468
2023-09,WEEKDAY,16,TRAIN,NE13,22123,23875
2023-09,WEEKENDS/HOLIDAY,15,TRAIN,NE15,10488,10699
2023-09,WEEKDAY,15,TRAIN,NE15,12073,18690
2023-09,WEEKENDS/HOLIDAY,11,TRAIN,NE1/CC29,13180,43533
2023-09,WEEKDAY,11,TRAIN,NE1/CC29,19516,64069
2023-09,WEEKDAY,13,TRAIN,NE8,30567,26955
2023-09,WEEKENDS/HOLIDAY,13,TRAIN,NE8,20956,24203
2023-09,WEEKDAY,21,TRAIN,EW26,13659,45714
2023-09,WEEKENDS/HOLIDAY,21,TRAIN,EW26,8315,19845
2023-09,WEEKDAY,20,TRAIN,TE1,3911,3814
2023-09,WEEKENDS/HOLIDAY,20,TRAIN,TE1,1237,2469
2023-09,WEEKENDS/HOLIDAY,23,TRAIN,CC25,630,1352
2023-09,WEEKDAY,23,TRAIN,CC25,1380,2290
2023-09,WEEKENDS/HOLIDAY,13,TRAIN,NE9,13603,10266
2023-09,WEEKDAY,13,TRAIN,NE9,22936,19968
2023-09,WEEKENDS/HOLIDAY,0,TRAIN,TE1,2,298
2023-09,WEEKDAY,0,TRAIN,TE1,0,416
2023-09,WEEKDAY,5,TRAIN,DT30,1541,121
2023-09,WEEKENDS/HOLIDAY,5,TRAIN,DT30,295,6
2023-09,WEEKENDS/HOLIDAY,10,TRAIN,TE19,1000,1425
2023-09,WEEKDAY,10,TRAIN,TE19,1982,10233
2023-09,WEEKDAY,15,TRAIN,BP3,2571,3938
2023-09,WEEKENDS/HOLIDAY,15,TRAIN,BP3,1975,2076
2023-09,WEEKDAY,20,TRAIN,NS23,54752,21630
2023-09,WEEKENDS/HOLIDAY,20,TRAIN,NS23,27267,11006
2023-09,WEEKENDS/HOLIDAY,0,TRAIN,NS23,355,1329
2023-09,WEEKDAY,0,TRAIN,NS23,490,634
2023-09,WEEKDAY,22,TRAIN,NS18,4070,18420
2023-09,WEEKENDS/HOLIDAY,22,TRAIN,NS18,2102,9195
2023-09,WEEKENDS/HOLIDAY,22,TRAIN,TE14/NS22,33482,7376
2023-09,WEEKDAY,22,TRAIN,TE14/NS22,61521,12041
2023-09,WEEKDAY,15,TRAIN,NS2,20142,23815
2023-09,WEEKENDS/HOLIDAY,15,TRAIN,NS2,12636,13837
2023-09,WEEKENDS/HOLIDAY,18,TRAIN,CC7,4313,4891
2023-09,WEEKDAY,18,TRAIN,CC7,13644,17337
2023-09,WEEKENDS/HOLIDAY,0,TRAIN,SW4,16,201
2023-09,WEEKDAY,0,TRAIN,SW4,11,354
2023-09,WEEKENDS/HOLIDAY,16,TRAIN,BP7,243,586
2023-09,WEEKDAY,16,TRAIN,BP7,732,1319
2023-09,WEEKDAY,20,TRAIN,DT22,10988,11941
2023-09,WEEKENDS/HOLIDAY,20,TRAIN,DT22,10078,5904
2023-09,WEEKENDS/HOLIDAY,8,TRAIN,DT24,2700,1544
2023-09,WEEKDAY,8,TRAIN,DT24,17798,11185
2023-09,WEEKDAY,10,TRAIN,PE4,1501,605
2023-09,WEEKENDS/HOLIDAY,10,TRAIN,PE4,1044,631
2023-09,WEEKENDS/HOLIDAY,7,TRAIN,NE13,6881,5944
2023-09,WEEKDAY,7,TRAIN,NE13,42627,19230
2023-09,WEEKDAY,18,TRAIN,EW26,55513,96869
2023-09,WEEKENDS/HOLIDAY,18,TRAIN,EW26,17057,23273
2023-09,WEEKDAY,9,TRAIN,SW1,2418,3321
2023-09,WEEKENDS/HOLIDAY,9,TRAIN,SW1,1012,692
2023-09,WEEKDAY,12,TRAIN,NS12,12313,7727
2023-09,WEEKENDS/HOLIDAY,12,TRAIN,NS12,9844,5566
2023-09,WEEKENDS/HOLIDAY,19,TRAIN,DT18,3425,3869
2023-09,WEEKDAY,19,TRAIN,DT18,44048,12196
2023-09,WEEKDAY,0,TRAIN,CC24,113,215
2023-09,WEEKENDS/HOLIDAY,0,TRAIN,CC24,28,190
2023-09,WEEKENDS/HOLIDAY,14,TRAIN,NS3,9636,9479
2023-09,WEEKDAY,14,TRAIN,NS3,13871,16239
2023-09,WEEKDAY,11,TRAIN,NS5,24137,12955
2023-09,WEEKENDS/HOLIDAY,11,TRAIN,NS5,17865,8826
2023-09,WEEKENDS/HOLIDAY,16,TRAIN,NS16,22211,26035
2023-09,WEEKDAY,16,TRAIN,NS16,37092,48396
2023-09,WEEKDAY,5,TRAIN,SE5,872,337
2023-09,WEEKENDS/HOLIDAY,5,TRAIN,SE5,256,59
2023-09,WEEKENDS/HOLIDAY,12,TRAIN,DT23,1804,1912
2023-09,WEEKDAY,12,TRAIN,DT23,3704,3381
2023-09,WEEKDAY,19,TRAIN,EW10,12021,28947
2023-09,WEEKENDS/HOLIDAY,19,TRAIN,EW10,8102,9813
2023-09,WEEKDAY,17,TRAIN,NS5,41567,52836
2023-09,WEEKENDS/HOLIDAY,17,TRAIN,NS5,15226,17765
2023-09,WEEKDAY,18,TRAIN,EW4,38350,36885
2023-09,WEEKENDS/HOLIDAY,18,TRAIN,EW4,8912,10027
2023-09,WEEKDAY,17,TRAIN,CC24,92946,15449
2023-09,WEEKENDS/HOLIDAY,17,TRAIN,CC24,7564,3427
2023-09,WEEKDAY,19,TRAIN,CC6,11300,17109
2023-09,WEEKENDS/HOLIDAY,19,TRAIN,CC6,8285,5755
2023-09,WEEKENDS/HOLIDAY,8,TRAIN,CC10/DT26,6599,6813
2023-09,WEEKDAY,8,TRAIN,CC10/DT26,34042,59525
2023-09,WEEKENDS/HOLIDAY,18,TRAIN,NS9/TE2,31770,39889
2023-09,WEEKDAY,18,TRAIN,NS9/TE2,85227,183119
2023-09,WEEKDAY,20,TRAIN,EW10,7659,19192
2023-09,WEEKENDS/HOLIDAY,20,TRAIN,EW10,5605,8337
2023-09,WEEKENDS/HOLIDAY,21,TRAIN,TE22,6341,963
2023-09,WEEKDAY,21,TRAIN,TE22,7563,1608
2023-09,WEEKDAY,20,TRAIN,NE17/PTC,33450,57377
2023-09,WEEKENDS/HOLIDAY,20,TRAIN,NE17/PTC,19460,24183
2023-09,WEEKENDS/HOLIDAY,10,TRAIN,NE9,14340,8605
2023-09,WEEKDAY,10,TRAIN,NE9,23445,15384
2023-09,WEEKENDS/HOLIDAY,20,TRAIN,DT29,1675,4574
2023-09,WEEKDAY,20,TRAIN,DT29,3313,12565
2023-09,WEEKDAY,22,TRAIN,CC8,4206,7922
2023-09,WEEKENDS/HOLIDAY,22,TRAIN,CC8,2401,4145
2023-09,WEEKENDS/HOLIDAY,17,TRAIN,DT28,7067,5289
2023-09,WEEKDAY,17,TRAIN,DT28,29096,13178
2023-09,WEEKDAY,0,TRAIN,EW24/NS1,1140,2897
2023-09,WEEKENDS/HOLIDAY,0,TRAIN,EW24/NS1,685,2358
2023-09,WEEKENDS/HOLIDAY,5,TRAIN,DT5,394,64
2023-09,WEEKDAY,5,TRAIN,DT5,1614,182
2023-09,WEEKDAY,13,TRAIN,TE5,2797,3403
2023-09,WEEKENDS/HOLIDAY,13,TRAIN,TE5,2083,1784
2023-09,WEEKENDS/HOLIDAY,12,TRAIN,BP13,791,421
2023-09,WEEKDAY,12,TRAIN,BP13,1243,712
2023-09,WEEKENDS/HOLIDAY,5,TRAIN,SE3,305,4
2023-09,WEEKDAY,5,TRAIN,SE3,1579,19
2023-09,WEEKENDS/HOLIDAY,0,TRAIN,NE5,821,260
2023-09,WEEKDAY,0,TRAIN,NE5,420,142
2023-09,WEEKDAY,14,TRAIN,DT29,4447,4709
2023-09,WEEKENDS/HOLIDAY,14,TRAIN,DT29,3481,2723
2023-09,WEEKDAY,8,TRAIN,NE9,48885,49196
2023-09,WEEKENDS/HOLIDAY,8,TRAIN,NE9,10687,7577
2023-09,WEEKENDS/HOLIDAY,23,TRAIN,DT27,611,2354
2023-09,WEEKDAY,23,TRAIN,DT27,1117,3916
2023-09,WEEKENDS/HOLIDAY,17,TRAIN,SE3,1813,1572
2023-09,WEEKDAY,17,TRAIN,SE3,2703,4591
2023-09,WEEKDAY,0,TRAIN,NS12,316,2367
2023-09,WEEKENDS/HOLIDAY,0,TRAIN,NS12,191,1436
2023-09,WEEKENDS/HOLIDAY,16,TRAIN,NE15,10897,11121
2023-09,WEEKDAY,16,TRAIN,NE15,13702,21605
2023-09,WEEKDAY,20,TRAIN,TE18,10890,4376
2023-09,WEEKENDS/HOLIDAY,20,TRAIN,TE18,5231,2626
2023-09,WEEKDAY,9,TRAIN,CC28,7631,8519
2023-09,WEEKENDS/HOLIDAY,9,TRAIN,CC28,2690,1230
2023-09,WEEKENDS/HOLIDAY,23,TRAIN,CC20,284,1014
2023-09,WEEKDAY,23,TRAIN,CC20,425,1725
2023-09,WEEKDAY,15,TRAIN,EW9,18760,16426
2023-09,WEEKENDS/HOLIDAY,15,TRAIN,EW9,12297,11983
2023-09,WEEKDAY,8,TRAIN,EW33,4579,12599
2023-09,WEEKENDS/HOLIDAY,8,TRAIN,EW33,2212,2353
2023-09,WEEKDAY,5,TRAIN,NS16,17487,2853
2023-09,WEEKENDS/HOLIDAY,5,TRAIN,NS16,4600,542
2023-09,WEEKDAY,20,TRAIN,CC26,5706,3541
2023-09,WEEKENDS/HOLIDAY,20,TRAIN,CC26,1609,1820
2023-09,WEEKENDS/HOLIDAY,14,TRAIN,BP12,1265,861
2023-09,WEEKDAY,14,TRAIN,BP12,2996,1485
2023-09,WEEKDAY,8,TRAIN,BP10,7477,2828
2023-09,WEEKENDS/HOLIDAY,8,TRAIN,BP10,1763,1100
2023-09,WEEKDAY,0,TRAIN,NE8,261,879
2023-09,WEEKENDS/HOLIDAY,0,TRAIN,NE8,213,918
2023-09,WEEKENDS/HOLIDAY,13,TRAIN,DT18,3438,4084
2023-09,WEEKDAY,13,TRAIN,DT18,16765,17128
2023-09,WEEKDAY,23,TRAIN,TE13,850,762
2023-09,WEEKENDS/HOLIDAY,23,TRAIN,TE13,549,699
2023-09,WEEKDAY,0,TRAIN,DT6,51,441
2023-09,WEEKENDS/HOLIDAY,0,TRAIN,DT6,32,375
2023-09,WEEKENDS/HOLIDAY,14,TRAIN,EW12/DT14,41811,48829
2023-09,WEEKDAY,14,TRAIN,EW12/DT14,55636,59322
2023-09,WEEKDAY,12,TRAIN,CC20,4604,4182
2023-09,WEEKENDS/HOLIDAY,12,TRAIN,CC20,3622,2534
2023-09,WEEKDAY,18,TRAIN,DT24,12202,15834
2023-09,WEEKENDS/HOLIDAY,18,TRAIN,DT24,2555,3018
2023-09,WEEKENDS/HOLIDAY,17,TRAIN,EW30,3877,960
2023-09,WEEKDAY,17,TRAIN,EW30,27915,1342
2023-09,WEEKDAY,18,TRAIN,TE8,18880,22655
2023-09,WEEKENDS/HOLIDAY,18,TRAIN,TE8,7297,6608
2023-09,WEEKDAY,17,TRAIN,CC8,13060,13039
2023-09,WEEKENDS/HOLIDAY,17,TRAIN,CC8,5770,5729
2023-09,WEEKENDS/HOLIDAY,23,TRAIN,CC5,5593,1158
2023-09,WEEKDAY,23,TRAIN,CC5,3972,1770
2023-09,WEEKDAY,13,TRAIN,PE6,7754,8558
2023-09,WEEKENDS/HOLIDAY,13,TRAIN,PE6,4691,3997
2023-09,WEEKENDS/HOLIDAY,20,TRAIN,NS14,8320,17566
2023-09,WEEKDAY,20,TRAIN,NS14,16978,48694
2023-09,WEEKENDS/HOLIDAY,5,TRAIN,CC28,270,15
2023-09,WEEKDAY,5,TRAIN,CC28,1357,62
2023-09,WEEKENDS/HOLIDAY,11,TRAIN,TE3,5403,1763
2023-09,WEEKDAY,11,TRAIN,TE3,6639,2365
2023-09,WEEKDAY,11,TRAIN,EW33,2250,1542
2023-09,WEEKENDS/HOLIDAY,11,TRAIN,EW33,1997,949
2023-09,WEEKDAY,7,TRAIN,CC25,11094,15505
2023-09,WEEKENDS/HOLIDAY,7,TRAIN,CC25,2405,2946
2023-09,WEEKDAY,15,TRAIN,TE1,3101,2059
2023-09,WEEKENDS/HOLIDAY,15,TRAIN,TE1,1524,1112
2023-09,WEEKENDS/HOLIDAY,11,TRAIN,SW7,1788,926
2023-09,WEEKDAY,11,TRAIN,SW7,2894,1443
2023-09,WEEKDAY,21,TRAIN,NE7/DT12,27780,16068
2023-09,WEEKENDS/HOLIDAY,21,TRAIN,NE7/DT12,21687,8717
2023-09,WEEKDAY,11,TRAIN,CE1/DT16,15806,39184
2023-09,WEEKENDS/HOLIDAY,11,TRAIN,CE1/DT16,9291,29818
2023-09,WEEKENDS/HOLIDAY,5,TRAIN,BP11,860,26
2023-09,WEEKDAY,5,TRAIN,BP11,4198,199
2023-09,WEEKENDS/HOLIDAY,13,TRAIN,DT21,3926,5040
2023-09,WEEKDAY,13,TRAIN,DT21,7814,8993
2023-09,WEEKDAY,22,TRAIN,NS8,6974,17128
2023-09,WEEKENDS/HOLIDAY,22,TRAIN,NS8,4335,8102
2023-09,WEEKDAY,23,TRAIN,CC3,6388,735
2023-09,WEEKENDS/HOLIDAY,23,TRAIN,CC3,6420,925
2023-09,WEEKENDS/HOLIDAY,0,TRAIN,DT23,43,191
2023-09,WEEKDAY,0,TRAIN,DT23,72,167
2023-09,WEEKENDS/HOLIDAY,6,TRAIN,DT22,2372,1575
2023-09,WEEKDAY,6,TRAIN,DT22,7805,3117
2023-09,WEEKENDS/HOLIDAY,17,TRAIN,EW26,19630,20953
2023-09,WEEKDAY,17,TRAIN,EW26,50554,58309
2023-09,WEEKDAY,21,TRAIN,EW8/CC9,58230,29735
2023-09,WEEKENDS/HOLIDAY,21,TRAIN,EW8/CC9,27702,14540
2023-09,WEEKDAY,22,TRAIN,EW9,11339,24562
2023-09,WEEKENDS/HOLIDAY,22,TRAIN,EW9,7289,12584
2023-09,WEEKENDS/HOLIDAY,20,TRAIN,EW17,8787,12549
2023-09,WEEKDAY,20,TRAIN,EW17,19484,32844
2023-09,WEEKDAY,12,TRAIN,NS21/DT11,57771,48135
2023-09,WEEKENDS/HOLIDAY,12,TRAIN,NS21/DT11,33610,31917
2023-09,WEEKDAY,13,TRAIN,NS14,24968,19586
2023-09,WEEKENDS/HOLIDAY,13,TRAIN,NS14,16918,14017
2023-09,WEEKENDS/HOLIDAY,22,TRAIN,EW23,10369,18333
2023-09,WEEKDAY,22,TRAIN,EW23,24725,34324
2023-09,WEEKDAY,22,TRAIN,NE8,27375,21300
2023-09,WEEKENDS/HOLIDAY,22,TRAIN,NE8,21183,10702
2023-09,WEEKENDS/HOLIDAY,9,TRAIN,NS23,4237,17453
2023-09,WEEKDAY,9,TRAIN,NS23,13205,60451
2023-09,WEEKDAY,10,TRAIN,SE1,4367,1737
2023-09,WEEKENDS/HOLIDAY,10,TRAIN,SE1,2920,1250
2023-09,WEEKENDS/HOLIDAY,20,TRAIN,SE1,935,2688
2023-09,WEEKDAY,20,TRAIN,SE1,1622,6781
2023-09,WEEKDAY,7,TRAIN,PE7,13456,10236
2023-09,WEEKENDS/HOLIDAY,7,TRAIN,PE7,1664,2395
2023-09,WEEKDAY,17,TRAIN,NE10,27367,22617
2023-09,WEEKENDS/HOLIDAY,17,TRAIN,NE10,9505,8953
2023-09,WEEKENDS/HOLIDAY,21,TRAIN,DT2,306,846
2023-09,WEEKDAY,21,TRAIN,DT2,598,2416
2023-09,WEEKENDS/HOLIDAY,7,TRAIN,NE1/CC29,6284,17173
2023-09,WEEKDAY,7,TRAIN,NE1/CC29,19662,63260
2023-09,WEEKENDS/HOLIDAY,19,TRAIN,DT30,2797,4681
2023-09,WEEKDAY,19,TRAIN,DT30,5108,23340
2023-09,WEEKENDS/HOLIDAY,16,TRAIN,BP12,1220,753
2023-09,WEEKDAY,16,TRAIN,BP12,2395,1784
2023-09,WEEKDAY,15,TRAIN,BP7,659,1029
2023-09,WEEKENDS/HOLIDAY,15,TRAIN,BP7,236,573
2023-09,WEEKDAY,12,TRAIN,EW3,17029,14212
2023-09,WEEKENDS/HOLIDAY,12,TRAIN,EW3,10815,7759
2023-09,WEEKDAY,11,TRAIN,SE4,4101,2177
2023-09,WEEKENDS/HOLIDAY,11,TRAIN,SE4,2803,1502
2023-09,WEEKDAY,13,TRAIN,CC2,5116,8832
2023-09,WEEKENDS/HOLIDAY,13,TRAIN,CC2,2561,3993
2023-09,WEEKENDS/HOLIDAY,13,TRAIN,CC5,3208,5499
2023-09,WEEKDAY,13,TRAIN,CC5,5291,5593
2023-09,WEEKENDS/HOLIDAY,20,TRAIN,TE19,1547,942
2023-09,WEEKDAY,20,TRAIN,TE19,10047,1979
2023-09,WEEKDAY,20,TRAIN,EW1,12183,46778
2023-09,WEEKENDS/HOLIDAY,20,TRAIN,EW1,7130,17575
2023-09,WEEKDAY,5,TRAIN,CC14,772,401
2023-09,WEEKENDS/HOLIDAY,5,TRAIN,CC14,200,70
2023-09,WEEKENDS/HOLIDAY,16,TRAIN,CE1/DT16,31655,28664
2023-09,WEEKDAY,16,TRAIN,CE1/DT16,37982,32517
2023-09,WEEKENDS/HOLIDAY,13,TRAIN,SW3,1229,1109
2023-09,WEEKDAY,13,TRAIN,SW3,4534,2523
2023-09,WEEKENDS/HOLIDAY,5,TRAIN,EW14/NS26,432,140
2023-09,WEEKDAY,5,TRAIN,EW14/NS26,1448,2001
2023-09,WEEKENDS/HOLIDAY,15,TRAIN,EW10,6744,7654
2023-09,WEEKDAY,15,TRAIN,EW10,7407,9315
2023-09,WEEKENDS/HOLIDAY,5,TRAIN,BP8,370,108
2023-09,WEEKDAY,5,TRAIN,BP8,1657,977
2023-09,WEEKDAY,15,TRAIN,SE5,3265,2668
2023-09,WEEKENDS/HOLIDAY,15,TRAIN,SE5,1234,1426
2023-09,WEEKENDS/HOLIDAY,16,TRAIN,DT8,1910,2031
2023-09,WEEKDAY,16,TRAIN,DT8,7745,4241
2023-09,WEEKENDS/HOLIDAY,10,TRAIN,SW2,3553,2149
2023-09,WEEKDAY,10,TRAIN,SW2,3915,2246
2023-09,WEEKDAY,14,TRAIN,BP3,2900,3816
2023-09,WEEKENDS/HOLIDAY,14,TRAIN,BP3,2233,2047
2023-09,WEEKDAY,16,TRAIN,PW4,4973,6093
2023-09,WEEKENDS/HOLIDAY,16,TRAIN,PW4,3352,3439
2023-09,WEEKENDS/HOLIDAY,5,TRAIN,NS25/EW13,163,175
2023-09,WEEKDAY,5,TRAIN,NS25/EW13,514,809
2023-09,WEEKDAY,7,TRAIN,NS5,120858,41926
2023-09,WEEKENDS/HOLIDAY,7,TRAIN,NS5,15159,5646
2023-09,WEEKDAY,17,TRAIN,EW14/NS26,171100,32873
2023-09,WEEKENDS/HOLIDAY,17,TRAIN,EW14/NS26,13683,16071
2023-09,WEEKENDS/HOLIDAY,16,TRAIN,SE2,2672,2778
2023-09,WEEKDAY,16,TRAIN,SE2,3753,6407
2023-09,WEEKDAY,22,TRAIN,NE14,8047,39872
2023-09,WEEKENDS/HOLIDAY,22,TRAIN,NE14,4204,19214
2023-09,WEEKENDS/HOLIDAY,20,TRAIN,EW26,11447,21395
2023-09,WEEKDAY,20,TRAIN,EW26,18675,53510
2023-09,WEEKDAY,14,TRAIN,CC20,8286,4883
2023-09,WEEKENDS/HOLIDAY,14,TRAIN,CC20,2481,2788
2023-09,WEEKENDS/HOLIDAY,5,TRAIN,NS12,1316,168
2023-09,WEEKDAY,5,TRAIN,NS12,5406,614
2023-09,WEEKENDS/HOLIDAY,18,TRAIN,CC11,11236,7355
2023-09,WEEKDAY,18,TRAIN,CC11,104228,23850
2023-09,WEEKENDS/HOLIDAY,0,TRAIN,CE1/DT16,1276,852
2023-09,WEEKDAY,0,TRAIN,CE1/DT16,1435,829
2023-09,WEEKENDS/HOLIDAY,15,TRAIN,CC11,9651,6169
2023-09,WEEKDAY,15,TRAIN,CC11,15575,8387
2023-09,WEEKENDS/HOLIDAY,0,TRAIN,DT31,28,593
2023-09,WEEKDAY,0,TRAIN,DT31,65,1004
2023-09,WEEKDAY,10,TRAIN,PE5,6050,2054
2023-09,WEEKENDS/HOLIDAY,10,TRAIN,PE5,4020,1337
2023-09,WEEKDAY,21,TRAIN,CC17/TE9,2270,5683
2023-09,WEEKENDS/HOLIDAY,21,TRAIN,CC17/TE9,1187,2422
2023-09,WEEKDAY,5,TRAIN,EW9,5128,762
2023-09,WEEKENDS/HOLIDAY,5,TRAIN,EW9,1055,107
2023-09,WEEKENDS/HOLIDAY,6,TRAIN,DT34,528,414
2023-09,WEEKDAY,6,TRAIN,DT34,3212,2379
2023-09,WEEKENDS/HOLIDAY,5,TRAIN,TE12,23,18
2023-09,WEEKDAY,5,TRAIN,TE12,115,71
2023-09,WEEKDAY,17,TRAIN,DT30,7289,15221
2023-09,WEEKENDS/HOLIDAY,17,TRAIN,DT30,4434,4496
2023-09,WEEKDAY,12,TRAIN,DT17,32348,16240
2023-09,WEEKENDS/HOLIDAY,12,TRAIN,DT17,2585,2933
2023-09,WEEKDAY,15,TRAIN,BP13,871,766
2023-09,WEEKENDS/HOLIDAY,15,TRAIN,BP13,559,324
2023-09,WEEKDAY,21,TRAIN,NS3,9245,25696
2023-09,WEEKENDS/HOLIDAY,21,TRAIN,NS3,4170,10982
2023-09,WEEKDAY,15,TRAIN,CC2,9597,8277
2023-09,WEEKENDS/HOLIDAY,15,TRAIN,CC2,3757,3173
2023-09,WEEKENDS/HOLIDAY,22,TRAIN,EW15,9630,3791
2023-09,WEEKDAY,22,TRAIN,EW15,32836,6994
2023-09,WEEKENDS/HOLIDAY,6,TRAIN,NS4/BP1,12035,5919
2023-09,WEEKDAY,6,TRAIN,NS4/BP1,59942,37233
2023-09,WEEKDAY,5,TRAIN,PW5,1766,71
2023-09,WEEKENDS/HOLIDAY,5,TRAIN,PW5,621,4
2023-09,WEEKENDS/HOLIDAY,22,TRAIN,PE5,460,2825
2023-09,WEEKDAY,22,TRAIN,PE5,730,5463
2023-09,WEEKDAY,15,TRAIN,CE1/DT16,36805,32477
2023-09,WEEKENDS/HOLIDAY,15,TRAIN,CE1/DT16,29625,29397
2023-09,WEEKDAY,14,TRAIN,NS28,3287,1935
2023-09,WEEKENDS/HOLIDAY,14,TRAIN,NS28,2473,2829
2023-09,WEEKENDS/HOLIDAY,21,TRAIN,DT10/TE11,1878,3059
2023-09,WEEKDAY,21,TRAIN,DT10/TE11,4117,6339
2023-09,WEEKENDS/HOLIDAY,6,TRAIN,BP10,1122,281
2023-09,WEEKDAY,6,TRAIN,BP10,8887,1275
2023-09,WEEKDAY,0,TRAIN,PE6,62,683
2023-09,WEEKENDS/HOLIDAY,0,TRAIN,PE6,29,452
2023-09,WEEKENDS/HOLIDAY,13,TRAIN,SE2,3117,2851
2023-09,WEEKDAY,13,TRAIN,SE2,5106,5127
2023-09,WEEKENDS/HOLIDAY,19,TRAIN,CC26,3715,2238
2023-09,WEEKDAY,19,TRAIN,CC26,14458,5945
2023-09,WEEKENDS/HOLIDAY,20,TRAIN,EW20,3509,5875
2023-09,WEEKDAY,20,TRAIN,EW20,9573,13911
2023-09,WEEKENDS/HOLIDAY,21,TRAIN,SE1,594,2792
2023-09,WEEKDAY,21,TRAIN,SE1,1185,6021
2023-09,WEEKENDS/HOLIDAY,16,TRAIN,CG2,17559,12762
2023-09,WEEKDAY,16,TRAIN,CG2,27383,17163
2023-09,WEEKDAY,17,TRAIN,DT22,9945,15198
2023-09,WEEKENDS/HOLIDAY,17,TRAIN,DT22,6465,10270
2023-09,WEEKDAY,7,TRAIN,DT21,3627,9649
2023-09,WEEKENDS/HOLIDAY,7,TRAIN,DT21,663,1324
2023-09,WEEKENDS/HOLIDAY,16,TRAIN,TE5,2104,2013
2023-09,WEEKDAY,16,TRAIN,TE5,2649,4270
2023-09,WEEKDAY,17,TRAIN,CG2,31097,18897
2023-09,WEEKENDS/HOLIDAY,17,TRAIN,CG2,15453,14125
2023-09,WEEKDAY,5,TRAIN,TE5,426,42
2023-09,WEEKENDS/HOLIDAY,5,TRAIN,TE5,65,6
2023-09,WEEKDAY,14,TRAIN,CC10/DT26,10108,10924
2023-09,WEEKENDS/HOLIDAY,14,TRAIN,CC10/DT26,7582,6606
2023-09,WEEKENDS/HOLIDAY,7,TRAIN,BP13,614,206
2023-09,WEEKDAY,7,TRAIN,BP13,4407,1121
2023-09,WEEKENDS/HOLIDAY,11,TRAIN,TE1,1610,606
2023-09,WEEKDAY,11,TRAIN,TE1,2461,1821
2023-09,WEEKDAY,11,TRAIN,PW1,1156,2148
2023-09,WEEKENDS/HOLIDAY,11,TRAIN,PW1,1151,2013
2023-09,WEEKENDS/HOLIDAY,16,TRAIN,SE5,1194,1332
2023-09,WEEKDAY,16,TRAIN,SE5,2692,3041
2023-09,WEEKDAY,17,TRAIN,DT17,61638,8530
2023-09,WEEKENDS/HOLIDAY,17,TRAIN,DT17,3362,3330
2023-09,WEEKDAY,0,TRAIN,PW6,6,209
2023-09,WEEKENDS/HOLIDAY,0,TRAIN,PW6,3,124
2023-09,WEEKENDS/HOLIDAY,12,TRAIN,TE12,2802,1952
2023-09,WEEKDAY,12,TRAIN,TE12,6247,3921
2023-09,WEEKENDS/HOLIDAY,8,TRAIN,CC14,3226,1514
2023-09,WEEKDAY,8,TRAIN,CC14,23745,18505
2023-09,WEEKDAY,22,TRAIN,PE4,755,1605
2023-09,WEEKENDS/HOLIDAY,22,TRAIN,PE4,502,884
2023-09,WEEKENDS/HOLIDAY,5,TRAIN,NS21/DT11,772,488
2023-09,WEEKDAY,5,TRAIN,NS21/DT11,3472,2521
2023-09,WEEKENDS/HOLIDAY,15,TRAIN,SW2,2313,2608
2023-09,WEEKDAY,15,TRAIN,SW2,2953,4456
2023-09,WEEKDAY,20,TRAIN,PW4,3530,7029
2023-09,WEEKENDS/HOLIDAY,20,TRAIN,PW4,2899,3009
2023-09,WEEKDAY,16,TRAIN,DT17,21338,6974
2023-09,WEEKENDS/HOLIDAY,16,TRAIN,DT17,3290,2610
2023-09,WEEKENDS/HOLIDAY,15,TRAIN,DT6,3435,3110
2023-09,WEEKDAY,15,TRAIN,DT6,11173,8672
2023-09,WEEKDAY,5,TRAIN,BP4,1218,257
2023-09,WEEKENDS/HOLIDAY,5,TRAIN,BP4,301,93
2023-09,WEEKDAY,0,TRAIN,EW20,37,541
2023-09,WEEKENDS/HOLIDAY,0,TRAIN,EW20,33,472
2023-09,WEEKDAY,14,TRAIN,BP10,2165,2982
2023-09,WEEKENDS/HOLIDAY,14,TRAIN,BP10,1412,1723
2023-09,WEEKENDS/HOLIDAY,16,TRAIN,EW9,13468,13797
2023-09,WEEKDAY,16,TRAIN,EW9,19810,18627
2023-09,WEEKDAY,21,TRAIN,NS28,804,566
2023-09,WEEKENDS/HOLIDAY,21,TRAIN,NS28,795,287
2023-09,WEEKENDS/HOLIDAY,9,TRAIN,NE10,8273,5407
2023-09,WEEKDAY,9,TRAIN,NE10,24176,18418
2023-09,WEEKENDS/HOLIDAY,23,TRAIN,PW4,441,1209
2023-09,WEEKDAY,23,TRAIN,PW4,621,2160
2023-09,WEEKDAY,22,TRAIN,CC20,1778,3438
2023-09,WEEKENDS/HOLIDAY,22,TRAIN,CC20,903,1714
2023-09,WEEKENDS/HOLIDAY,9,TRAIN,SW5,4679,3028
2023-09,WEEKDAY,9,TRAIN,SW5,9265,4831
2023-09,WEEKDAY,13,TRAIN,NS25/EW13,55866,49098
2023-09,WEEKENDS/HOLIDAY,13,TRAIN,NS25/EW13,29203,44320
2023-09,WEEKENDS/HOLIDAY,21,TRAIN,PW1,772,180
2023-09,WEEKDAY,21,TRAIN,PW1,1741,250
2023-09,WEEKDAY,0,TRAIN,NS21/DT11,1791,2297
2023-09,WEEKENDS/HOLIDAY,0,TRAIN,NS21/DT11,1966,2895
2023-09,WEEKENDS/HOLIDAY,17,TRAIN,SE1,2332,2229
2023-09,WEEKDAY,17,TRAIN,SE1,5213,6042
2023-09,WEEKENDS/HOLIDAY,12,TRAIN,EW31,2160,354
2023-09,WEEKDAY,12,TRAIN,EW31,2081,909
2023-09,WEEKENDS/HOLIDAY,18,TRAIN,SE4,1635,2035
2023-09,WEEKDAY,18,TRAIN,SE4,3767,8382
2023-09,WEEKDAY,7,TRAIN,DT34,9499,9980
2023-09,WEEKENDS/HOLIDAY,7,TRAIN,DT34,1010,1472
2023-09,WEEKENDS/HOLIDAY,18,TRAIN,BP2,1400,1574
2023-09,WEEKDAY,18,TRAIN,BP2,3532,8403
2023-09,WEEKENDS/HOLIDAY,17,TRAIN,SW6,1969,1902
2023-09,WEEKDAY,17,TRAIN,SW6,4432,5487
2023-09,WEEKDAY,16,TRAIN,CC23,28094,5342
2023-09,WEEKENDS/HOLIDAY,16,TRAIN,CC23,2657,1813
2023-09,WEEKENDS/HOLIDAY,8,TRAIN,PW1,116,1166
2023-09,WEEKDAY,8,TRAIN,PW1,706,2194
2023-09,WEEKENDS/HOLIDAY,20,TRAIN,SE5,595,1703
2023-09,WEEKDAY,20,TRAIN,SE5,1071,3964
2023-09,WEEKDAY,7,TRAIN,CC14,17907,16072
2023-09,WEEKENDS/HOLIDAY,7,TRAIN,CC14,2457,1555
2023-09,WEEKDAY,13,TRAIN,EW19,13873,12923
2023-09,WEEKENDS/HOLIDAY,13,TRAIN,EW19,9217,8579
2023-09,WEEKENDS/HOLIDAY,20,TRAIN,NS27/CE2/TE20,2021,2134
2023-09,WEEKDAY,20,TRAIN,NS27/CE2/TE20,7412,3208
2023-09,WEEKENDS/HOLIDAY,8,TRAIN,DT3,4364,2593
2023-09,WEEKDAY,8,TRAIN,DT3,30365,5576
2023-09,WEEKDAY,8,TRAIN,TE22,220,1758
2023-09,WEEKENDS/HOLIDAY,8,TRAIN,TE22,293,1015
2023-09,WEEKDAY,18,TRAIN,DT20,17409,15967
2023-09,WEEKENDS/HOLIDAY,18,TRAIN,DT20,3635,4150
2023-09,WEEKENDS/HOLIDAY,5,TRAIN,DT17,8,0
2023-09,WEEKDAY,5,TRAIN,DT17,51,0
2023-09,WEEKDAY,16,TRAIN,CC4/DT15,24576,17831
2023-09,WEEKENDS/HOLIDAY,16,TRAIN,CC4/DT15,15223,17903
2023-09,WEEKENDS/HOLIDAY,10,TRAIN,DT6,3857,2362
2023-09,WEEKDAY,10,TRAIN,DT6,5890,4353
2023-09,WEEKDAY,9,TRAIN,NS3,27763,11997
2023-09,WEEKENDS/HOLIDAY,9,TRAIN,NS3,12180,7352
2023-09,WEEKENDS/HOLIDAY,7,TRAIN,EW25,5982,3926
2023-09,WEEKDAY,7,TRAIN,EW25,46792,17123
2023-09,WEEKENDS/HOLIDAY,22,TRAIN,DT27,1449,3860
2023-09,WEEKDAY,22,TRAIN,DT27,3350,6630
2023-09,WEEKENDS/HOLIDAY,21,TRAIN,DT28,1920,7542
2023-09,WEEKDAY,21,TRAIN,DT28,3901,13127
2023-09,WEEKDAY,23,TRAIN,NS17/CC15,6257,13853
2023-09,WEEKENDS/HOLIDAY,23,TRAIN,NS17/CC15,3081,7729
2023-09,WEEKENDS/HOLIDAY,12,TRAIN,NS3,12810,8345
2023-09,WEEKDAY,12,TRAIN,NS3,17629,12805
2023-09,WEEKDAY,21,TRAIN,CC20,2774,4873
2023-09,WEEKENDS/HOLIDAY,21,TRAIN,CC20,1094,2161
2023-09,WEEKDAY,23,TRAIN,BP6/DT1,4661,23146
2023-09,WEEKENDS/HOLIDAY,23,TRAIN,BP6/DT1,2690,13482
2023-09,WEEKDAY,16,TRAIN,CC21,8759,10389
2023-09,WEEKENDS/HOLIDAY,16,TRAIN,CC21,5101,4349
2023-09,WEEKENDS/HOLIDAY,8,TRAIN,BP8,555,671
2023-09,WEEKDAY,8,TRAIN,BP8,2543,3286
2023-09,WEEKENDS/HOLIDAY,17,TRAIN,CC7,4544,4723
2023-09,WEEKDAY,17,TRAIN,CC7,13614,10240
2023-09,WEEKENDS/HOLIDAY,6,TRAIN,PW3,397,233
2023-09,WEEKDAY,6,TRAIN,PW3,2534,917
2023-09,WEEKDAY,10,TRAIN,CC2,2265,8350
2023-09,WEEKENDS/HOLIDAY,10,TRAIN,CC2,1658,3188
2023-09,WEEKENDS/HOLIDAY,14,TRAIN,DT3,4298,3307
2023-09,WEEKDAY,14,TRAIN,DT3,6888,6935
2023-09,WEEKENDS/HOLIDAY,10,TRAIN,TE4,2192,2026
2023-09,WEEKDAY,10,TRAIN,TE4,2795,2765
2023-09,WEEKENDS/HOLIDAY,9,TRAIN,PE5,3750,1146
2023-09,WEEKDAY,9,TRAIN,PE5,8072,2335
2023-09,WEEKDAY,23,TRAIN,SE3,122,2506
2023-09,WEEKENDS/HOLIDAY,23,TRAIN,SE3,76,1207
2023-09,WEEKENDS/HOLIDAY,18,TRAIN,BP6/DT1,20306,27303
2023-09,WEEKDAY,18,TRAIN,BP6/DT1,59796,126390
2023-09,WEEKENDS/HOLIDAY,23,TRAIN,BP7,23,201
2023-09,WEEKDAY,23,TRAIN,BP7,39,410
2023-09,WEEKDAY,17,TRAIN,NS23,59337,45622
2023-09,WEEKENDS/HOLIDAY,17,TRAIN,NS23,31061,25790
2023-09,WEEKENDS/HOLIDAY,0,TRAIN,PW4,51,394
2023-09,WEEKDAY,0,TRAIN,PW4,123,586
2023-09,WEEKENDS/HOLIDAY,22,TRAIN,PW4,1464,1869
2023-09,WEEKDAY,22,TRAIN,PW4,2094,3479
2023-09,WEEKENDS/HOLIDAY,7,TRAIN,EW7,6223,4396
2023-09,WEEKDAY,7,TRAIN,EW7,35277,19629
2023-09,WEEKENDS/HOLIDAY,19,TRAIN,SW4,1145,1471
2023-09,WEEKDAY,19,TRAIN,SW4,1816,5971
2023-09,WEEKDAY,19,TRAIN,NE5,29635,17936
2023-09,WEEKENDS/HOLIDAY,19,TRAIN,NE5,7720,9293
2023-09,WEEKENDS/HOLIDAY,19,TRAIN,NS18,5424,8227
2023-09,WEEKDAY,19,TRAIN,NS18,15370,25886
2023-09,WEEKDAY,11,TRAIN,DT2,2280,592
2023-09,WEEKENDS/HOLIDAY,11,TRAIN,DT2,1303,601
2023-09,WEEKDAY,23,TRAIN,DT28,1482,6543
2023-09,WEEKENDS/HOLIDAY,23,TRAIN,DT28,608,4143
2023-09,WEEKENDS/HOLIDAY,16,TRAIN,NE11,7810,7716
2023-09,WEEKDAY,16,TRAIN,NE11,23352,13294
2023-09,WEEKDAY,11,TRAIN,NS11,30207,16454
2023-09,WEEKENDS/HOLIDAY,11,TRAIN,NS11,23539,12120
2023-09,WEEKENDS/HOLIDAY,10,TRAIN,PW6,1352,391
2023-09,WEEKDAY,10,TRAIN,PW6,1601,615
2023-09,WEEKENDS/HOLIDAY,13,TRAIN,DT5,11179,8069
2023-09,WEEKDAY,13,TRAIN,DT5,13414,10639
2023-09,WEEKDAY,0,TRAIN,EW12/DT14,908,1345
2023-09,WEEKENDS/HOLIDAY,0,TRAIN,EW12/DT14,825,1532
2023-09,WEEKENDS/HOLIDAY,21,TRAIN,TE6,1717,7109
2023-09,WEEKDAY,21,TRAIN,TE6,3202,15388
2023-09,WEEKDAY,8,TRAIN,NE12/CC13,154376,43587
2023-09,WEEKENDS/HOLIDAY,8,TRAIN,NE12/CC13,23434,14130
2023-09,WEEKDAY,6,TRAIN,EW6,11105,5223
2023-09,WEEKENDS/HOLIDAY,6,TRAIN,EW6,1886,1043
2023-09,WEEKDAY,20,TRAIN,NS5,15140,46592
2023-09,WEEKENDS/HOLIDAY,20,TRAIN,NS5,7641,18558
2023-09,WEEKENDS/HOLIDAY,14,TRAIN,CC17/TE9,2176,2345
2023-09,WEEKDAY,14,TRAIN,CC17/TE9,5473,5132
2023-09,WEEKDAY,8,TRAIN,DT6,14556,16602
2023-09,WEEKENDS/HOLIDAY,8,TRAIN,DT6,2447,3606
2023-09,WEEKENDS/HOLIDAY,11,TRAIN,DT10/TE11,4668,2505
2023-09,WEEKDAY,11,TRAIN,DT10/TE11,7105,3517
2023-09,WEEKENDS/HOLIDAY,17,TRAIN,PE4,1111,1268
2023-09,WEEKDAY,17,TRAIN,PE4,1901,2377
2023-09,WEEKENDS/HOLIDAY,9,TRAIN,SE4,2653,1417
2023-09,WEEKDAY,9,TRAIN,SE4,5340,2585
2023-09,WEEKDAY,15,TRAIN,NS28,2287,2421
2023-09,WEEKENDS/HOLIDAY,15,TRAIN,NS28,2551,2737
2023-09,WEEKENDS/HOLIDAY,6,TRAIN,EW12/DT14,4710,4950
2023-09,WEEKDAY,6,TRAIN,EW12/DT14,13798,16382
2023-09,WEEKENDS/HOLIDAY,9,TRAIN,BP11,2468,780
2023-09,WEEKDAY,9,TRAIN,BP11,5212,1414
2023-09,WEEKENDS/HOLIDAY,21,TRAIN,TE18,4416,1742
2023-09,WEEKDAY,21,TRAIN,TE18,10499,2931
2023-09,WEEKENDS/HOLIDAY,9,TRAIN,BP10,1934,1276
2023-09,WEEKDAY,9,TRAIN,BP10,4312,2505
2023-09,WEEKENDS/HOLIDAY,10,TRAIN,EW6,7526,4081
2023-09,WEEKDAY,10,TRAIN,EW6,11161,6211
2023-09,WEEKDAY,5,TRAIN,EW26,17954,2080
2023-09,WEEKENDS/HOLIDAY,5,TRAIN,EW26,3864,386
2023-09,WEEKDAY,16,TRAIN,NS18,12931,12724
2023-09,WEEKENDS/HOLIDAY,16,TRAIN,NS18,6965,6511
2023-09,WEEKDAY,0,TRAIN,NS14,1153,5665
2023-09,WEEKENDS/HOLIDAY,0,TRAIN,NS14,638,3449
2023-09,WEEKENDS/HOLIDAY,22,TRAIN,CC23,2046,745
2023-09,WEEKDAY,22,TRAIN,CC23,6454,1445
2023-09,WEEKENDS/HOLIDAY,21,TRAIN,EW18,4064,7676
2023-09,WEEKDAY,21,TRAIN,EW18,10117,17801
2023-09,WEEKDAY,7,TRAIN,TE13,1801,5848
2023-09,WEEKENDS/HOLIDAY,7,TRAIN,TE13,333,1632
2023-09,WEEKDAY,7,TRAIN,SE4,10030,1670
2023-09,WEEKENDS/HOLIDAY,7,TRAIN,SE4,1293,685
2023-09,WEEKDAY,13,TRAIN,DT33,13750,9477
2023-09,WEEKENDS/HOLIDAY,13,TRAIN,DT33,8663,6281
2023-09,WEEKDAY,15,TRAIN,EW25,7830,7319
2023-09,WEEKENDS/HOLIDAY,15,TRAIN,EW25,4648,5253
2023-09,WEEKENDS/HOLIDAY,7,TRAIN,TE7,1517,1120
2023-09,WEEKDAY,7,TRAIN,TE7,12993,10267
2023-09,WEEKENDS/HOLIDAY,22,TRAIN,DT29,957,4745
2023-09,WEEKDAY,22,TRAIN,DT29,1682,9565
2023-09,WEEKDAY,5,TRAIN,DT33,5813,35
2023-09,WEEKENDS/HOLIDAY,5,TRAIN,DT33,1215,17
2023-09,WEEKDAY,19,TRAIN,SW3,1320,5193
2023-09,WEEKENDS/HOLIDAY,19,TRAIN,SW3,721,1428
2023-09,WEEKENDS/HOLIDAY,16,TRAIN,NS3,9339,10336
2023-09,WEEKDAY,16,TRAIN,NS3,14624,21613
2023-09,WEEKDAY,12,TRAIN,SW2,4312,3137
2023-09,WEEKENDS/HOLIDAY,12,TRAIN,SW2,3513,2227
2023-09,WEEKENDS/HOLIDAY,18,TRAIN,NS17/CC15,24233,25615
2023-09,WEEKDAY,18,TRAIN,NS17/CC15,72764,120945
2023-09,WEEKDAY,19,TRAIN,NS28,2142,1126
2023-09,WEEKENDS/HOLIDAY,19,TRAIN,NS28,2273,775
2023-09,WEEKENDS/HOLIDAY,9,TRAIN,DT33,10047,2726
2023-09,WEEKDAY,9,TRAIN,DT33,36351,5958
2023-09,WEEKENDS/HOLIDAY,14,TRAIN,NE7/DT12,19698,21472
2023-09,WEEKDAY,14,TRAIN,NE7/DT12,22237,26736
2023-09,WEEKENDS/HOLIDAY,8,TRAIN,DT21,1195,3077
2023-09,WEEKDAY,8,TRAIN,DT21,8908,22916
2023-09,WEEKENDS/HOLIDAY,8,TRAIN,EW4,8655,5117
2023-09,WEEKDAY,8,TRAIN,EW4,49508,21265
2023-09,WEEKDAY,20,TRAIN,EW29,23356,6672
2023-09,WEEKENDS/HOLIDAY,20,TRAIN,EW29,6179,7902
2023-09,WEEKDAY,12,TRAIN,BP5,2016,1533
2023-09,WEEKENDS/HOLIDAY,12,TRAIN,BP5,1261,1011
2023-09,WEEKDAY,7,TRAIN,EW10,29549,10361
2023-09,WEEKENDS/HOLIDAY,7,TRAIN,EW10,6733,2926
2023-09,WEEKDAY,12,TRAIN,EW5,30511,24815
2023-09,WEEKENDS/HOLIDAY,12,TRAIN,EW5,20956,15700
2023-09,WEEKENDS/HOLIDAY,10,TRAIN,TE13,1571,2070
2023-09,WEEKDAY,10,TRAIN,TE13,3217,3898
2023-09,WEEKENDS/HOLIDAY,12,TRAIN,CC8,5486,4474
2023-09,WEEKDAY,12,TRAIN,CC8,9489,5988
2023-09,WEEKENDS/HOLIDAY,23,TRAIN,BP5,131,264
2023-09,WEEKDAY,23,TRAIN,BP5,267,500
2023-09,WEEKENDS/HOLIDAY,13,TRAIN,NS28,1460,2732
2023-09,WEEKDAY,13,TRAIN,NS28,2933,1781
2023-09,WEEKENDS/HOLIDAY,13,TRAIN,SW7,1567,1225
2023-09,WEEKDAY,13,TRAIN,SW7,2892,2644
2023-09,WEEKDAY,14,TRAIN,EW2/DT32,43651,48051
2023-09,WEEKENDS/HOLIDAY,14,TRAIN,EW2/DT32,31097,29845
2023-09,WEEKENDS/HOLIDAY,11,TRAIN,NE13,16864,11865
2023-09,WEEKDAY,11,TRAIN,NE13,22003,14609
2023-09,WEEKDAY,10,TRAIN,NE15,21165,7055
2023-09,WEEKENDS/HOLIDAY,10,TRAIN,NE15,14794,5016
2023-09,WEEKENDS/HOLIDAY,23,TRAIN,EW14/NS26,14353,1494
2023-09,WEEKDAY,23,TRAIN,EW14/NS26,22555,2193
2023-09,WEEKENDS/HOLIDAY,9,TRAIN,DT13,2962,5850
2023-09,WEEKDAY,9,TRAIN,DT13,7391,21123
2023-09,WEEKDAY,6,TRAIN,DT13,3837,2751
2023-09,WEEKENDS/HOLIDAY,6,TRAIN,DT13,1205,1050
2023-09,WEEKENDS/HOLIDAY,19,TRAIN,CC28,1647,2564
2023-09,WEEKDAY,19,TRAIN,CC28,3998,8961
2023-09,WEEKENDS/HOLIDAY,20,TRAIN,NE16/STC,15619,25785
2023-09,WEEKDAY,20,TRAIN,NE16/STC,32276,65394
2023-09,WEEKDAY,13,TRAIN,NS20,44448,45626
2023-09,WEEKENDS/HOLIDAY,13,TRAIN,NS20,24729,16689
2023-09,WEEKDAY,22,TRAIN,SW3,342,2338
2023-09,WEEKENDS/HOLIDAY,22,TRAIN,SW3,199,1169
2023-09,WEEKENDS/HOLIDAY,14,TRAIN,PE3,3193,3334
2023-09,WEEKDAY,14,TRAIN,PE3,5416,6875
2023-09,WEEKDAY,10,TRAIN,NE13,22975,15043
2023-09,WEEKENDS/HOLIDAY,10,TRAIN,NE13,15477,12365
2023-09,WEEKDAY,17,TRAIN,NE17/PTC,47403,72175
2023-09,WEEKENDS/HOLIDAY,17,TRAIN,NE17/PTC,27771,29637
2023-09,WEEKDAY,5,TRAIN,SE2,3320,60
2023-09,WEEKENDS/HOLIDAY,5,TRAIN,SE2,749,17
2023-09,WEEKDAY,17,TRAIN,NS24/NE6/CC1,59364,41157
2023-09,WEEKENDS/HOLIDAY,17,TRAIN,NS24/NE6/CC1,29352,23412
2023-09,WEEKDAY,15,TRAIN,PE2,4205,5758
2023-09,WEEKENDS/HOLIDAY,15,TRAIN,PE2,2602,2918
2023-09,WEEKENDS/HOLIDAY,15,TRAIN,BP4,827,782
2023-09,WEEKDAY,15,TRAIN,BP4,3198,2029
2023-09,WEEKDAY,8,TRAIN,TE14/NS22,22739,124950
2023-09,WEEKENDS/HOLIDAY,8,TRAIN,TE14/NS22,5592,32075
2023-09,WEEKDAY,0,TRAIN,EW25,26,1188
2023-09,WEEKENDS/HOLIDAY,0,TRAIN,EW25,28,943
2023-09,WEEKDAY,13,TRAIN,TE3,9352,5536
2023-09,WEEKENDS/HOLIDAY,13,TRAIN,TE3,5008,3549
2023-09,WEEKENDS/HOLIDAY,5,TRAIN,DT6,52,29
2023-09,WEEKDAY,5,TRAIN,DT6,156,263
2023-09,WEEKENDS/HOLIDAY,18,TRAIN,BP10,1297,2130
2023-09,WEEKDAY,18,TRAIN,BP10,3593,10167
2023-09,WEEKENDS/HOLIDAY,15,TRAIN,TE18,6532,4102
2023-09,WEEKDAY,15,TRAIN,TE18,7682,5631
2023-09,WEEKDAY,11,TRAIN,EW21/CC22,19166,18179
2023-09,WEEKENDS/HOLIDAY,11,TRAIN,EW21/CC22,9567,12111
2023-09,WEEKDAY,5,TRAIN,DT20,58,1
2023-09,WEEKENDS/HOLIDAY,5,TRAIN,DT20,40,2
2023-09,WEEKENDS/HOLIDAY,22,TRAIN,TE22,3828,375
2023-09,WEEKDAY,22,TRAIN,TE22,4301,560
2023-09,WEEKDAY,10,TRAIN,EW7,15220,9378
2023-09,WEEKENDS/HOLIDAY,10,TRAIN,EW7,9620,6766
2023-09,WEEKENDS/HOLIDAY,8,TRAIN,NS8,11553,7785
2023-09,WEEKDAY,8,TRAIN,NS8,51630,20026
2023-09,WEEKDAY,22,TRAIN,CG1/DT35,9693,1974
2023-09,WEEKENDS/HOLIDAY,22,TRAIN,CG1/DT35,4224,1404
2023-09,WEEKENDS/HOLIDAY,16,TRAIN,TE1,1876,1406
2023-09,WEEKDAY,16,TRAIN,TE1,5400,2275
2023-09,WEEKENDS/HOLIDAY,12,TRAIN,CC24,5128,5818
2023-09,WEEKDAY,12,TRAIN,CC24,26059,25725
2023-09,WEEKENDS/HOLIDAY,8,TRAIN,SW4,1212,573
2023-09,WEEKDAY,8,TRAIN,SW4,6194,1468
2023-09,WEEKENDS/HOLIDAY,15,TRAIN,EW24/NS1,46109,40980
2023-09,WEEKDAY,15,TRAIN,EW24/NS1,60773,53815
2023-09,WEEKDAY,7,TRAIN,CC8,19037,17819
2023-09,WEEKENDS/HOLIDAY,7,TRAIN,CC8,3052,1991
2023-09,WEEKENDS/HOLIDAY,19,TRAIN,CC12,2296,3680
2023-09,WEEKDAY,19,TRAIN,CC12,5887,13570
2023-09,WEEKDAY,21,TRAIN,NE12/CC13,50452,62072
2023-09,WEEKENDS/HOLIDAY,21,TRAIN,NE12/CC13,25750,28601
2023-09,WEEKDAY,13,TRAIN,CC7,7189,6629
2023-09,WEEKENDS/HOLIDAY,13,TRAIN,CC7,3658,3579
2023-09,WEEKDAY,8,TRAIN,NE14,105382,23193
2023-09,WEEKENDS/HOLIDAY,8,TRAIN,NE14,16415,8247
2023-09,WEEKENDS/HOLIDAY,11,TRAIN,EW29,4466,3383
2023-09,WEEKDAY,11,TRAIN,EW29,5950,5742
2023-09,WEEKENDS/HOLIDAY,17,TRAIN,NS27/CE2/TE20,2685,4029
2023-09,WEEKDAY,17,TRAIN,NS27/CE2/TE20,16788,4483
2023-09,WEEKDAY,19,TRAIN,DT13,19138,14361
2023-09,WEEKENDS/HOLIDAY,19,TRAIN,DT13,7367,5347
2023-09,WEEKENDS/HOLIDAY,15,TRAIN,EW18,8414,8381
2023-09,WEEKDAY,15,TRAIN,EW18,15505,15132
2023-09,WEEKENDS/HOLIDAY,6,TRAIN,EW7,4103,2060
2023-09,WEEKDAY,6,TRAIN,EW7,19246,7964
2023-09,WEEKDAY,0,TRAIN,CC8,123,643
2023-09,WEEKENDS/HOLIDAY,0,TRAIN,CC8,86,576
2023-09,WEEKENDS/HOLIDAY,12,TRAIN,PE7,3230,1929
2023-09,WEEKDAY,12,TRAIN,PE7,4109,2858
2023-09,WEEKDAY,6,TRAIN,NE16/STC,45544,18502
2023-09,WEEKENDS/HOLIDAY,6,TRAIN,NE16/STC,7749,2960
2023-09,WEEKDAY,11,TRAIN,PW6,1694,793
2023-09,WEEKENDS/HOLIDAY,11,TRAIN,PW6,1269,602
2023-09,WEEKENDS/HOLIDAY,13,TRAIN,NS19,22922,21397
2023-09,WEEKDAY,13,TRAIN,NS19,37265,35134
2023-09,WEEKENDS/HOLIDAY,9,TRAIN,EW1,17759,6217
2023-09,WEEKDAY,9,TRAIN,EW1,45571,11754
2023-09,WEEKENDS/HOLIDAY,12,TRAIN,DT31,4524,3028
2023-09,WEEKDAY,12,TRAIN,DT31,6075,4890
2023-09,WEEKENDS/HOLIDAY,12,TRAIN,DT2,1556,600
2023-09,WEEKDAY,12,TRAIN,DT2,3055,1099
2023-09,WEEKENDS/HOLIDAY,21,TRAIN,DT33,2624,11343
2023-09,WEEKDAY,21,TRAIN,DT33,5200,26376
2023-09,WEEKENDS/HOLIDAY,16,TRAIN,PW5,1857,1993
2023-09,WEEKDAY,16,TRAIN,PW5,2271,2983
2023-09,WEEKDAY,17,TRAIN,NS28,3594,2446
2023-09,WEEKENDS/HOLIDAY,17,TRAIN,NS28,3078,1583
2023-09,WEEKENDS/HOLIDAY,7,TRAIN,TE4,1182,2188
2023-09,WEEKDAY,7,TRAIN,TE4,7229,12724
2023-09,WEEKENDS/HOLIDAY,22,TRAIN,NE10,2797,6617
2023-09,WEEKDAY,22,TRAIN,NE10,5724,13671
2023-09,WEEKDAY,11,TRAIN,BP6/DT1,30548,21777
2023-09,WEEKENDS/HOLIDAY,11,TRAIN,BP6/DT1,24186,16093
2023-09,WEEKDAY,21,TRAIN,EW24/NS1,97936,29241
2023-09,WEEKENDS/HOLIDAY,21,TRAIN,EW24/NS1,50929,16679
2023-09,WEEKENDS/HOLIDAY,10,TRAIN,BP9,1961,874
2023-09,WEEKDAY,10,TRAIN,BP9,2671,1268
2023-09,WEEKDAY,16,TRAIN,CC11,23096,9080
2023-09,WEEKENDS/HOLIDAY,16,TRAIN,CC11,10156,5941
2023-09,WEEKENDS/HOLIDAY,0,TRAIN,CC3,1903,185
2023-09,WEEKDAY,0,TRAIN,CC3,673,62
2023-09,WEEKENDS/HOLIDAY,17,TRAIN,NS9/TE2,31733,39063
2023-09,WEEKDAY,17,TRAIN,NS9/TE2,68375,108773
2023-09,WEEKDAY,11,TRAIN,NS2,20922,14923
2023-09,WEEKENDS/HOLIDAY,11,TRAIN,NS2,15203,9499
2023-09,WEEKENDS/HOLIDAY,22,TRAIN,EW5,6813,18697
2023-09,WEEKDAY,22,TRAIN,EW5,11900,35563
2023-09,WEEKDAY,18,TRAIN,CC10/DT26,63764,31401
2023-09,WEEKENDS/HOLIDAY,18,TRAIN,CC10/DT26,8734,7149
2023-09,WEEKENDS/HOLIDAY,13,TRAIN,CC12,3620,3011
2023-09,WEEKDAY,13,TRAIN,CC12,13970,5737
2023-09,WEEKENDS/HOLIDAY,22,TRAIN,NE11,3325,4239
2023-09,WEEKDAY,22,TRAIN,NE11,6571,8279
2023-09,WEEKENDS/HOLIDAY,10,TRAIN,SW4,1489,767
2023-09,WEEKDAY,10,TRAIN,SW4,1997,932
2023-09,WEEKDAY,7,TRAIN,TE12,2172,9649
2023-09,WEEKENDS/HOLIDAY,7,TRAIN,TE12,399,2069
2023-09,WEEKDAY,13,TRAIN,BP4,2507,2821
2023-09,WEEKENDS/HOLIDAY,13,TRAIN,BP4,938,843
2023-09,WEEKENDS/HOLIDAY,8,TRAIN,EW8/CC9,10395,20585
2023-09,WEEKDAY,8,TRAIN,EW8/CC9,51751,95220
2023-09,WEEKDAY,5,TRAIN,DT10/TE11,234,105
2023-09,WEEKENDS/HOLIDAY,5,TRAIN,DT10/TE11,74,14
2023-09,WEEKENDS/HOLIDAY,19,TRAIN,DT22,9354,9048
2023-09,WEEKDAY,19,TRAIN,DT22,12430,19232
2023-09,WEEKENDS/HOLIDAY,16,TRAIN,NS24/NE6/CC1,29255,24322
2023-09,WEEKDAY,16,TRAIN,NS24/NE6/CC1,39996,30268
2023-09,WEEKENDS/HOLIDAY,0,TRAIN,NS7,1195,1423
2023-09,WEEKDAY,0,TRAIN,NS7,685,2235
2023-09,WEEKDAY,17,TRAIN,TE7,10382,6954
2023-09,WEEKENDS/HOLIDAY,17,TRAIN,TE7,2993,2864
2023-09,WEEKDAY,7,TRAIN,EW2/DT32,118492,56216
2023-09,WEEKENDS/HOLIDAY,7,TRAIN,EW2/DT32,14793,11421
2023-09,WEEKENDS/HOLIDAY,21,TRAIN,NS9/TE2,21565,30454
2023-09,WEEKDAY,21,TRAIN,NS9/TE2,39610,69151
2023-09,WEEKDAY,8,TRAIN,CC24,8002,112964
2023-09,WEEKENDS/HOLIDAY,8,TRAIN,CC24,2167,5709
2023-09,WEEKDAY,8,TRAIN,TE1,5746,17610
2023-09,WEEKENDS/HOLIDAY,8,TRAIN,TE1,1843,2319
2023-09,WEEKDAY,6,TRAIN,CC17/TE9,8542,4384
2023-09,WEEKENDS/HOLIDAY,6,TRAIN,CC17/TE9,1482,770
2023-09,WEEKENDS/HOLIDAY,21,TRAIN,CC25,1473,3119
2023-09,WEEKDAY,21,TRAIN,CC25,4362,6089
2023-09,WEEKENDS/HOLIDAY,11,TRAIN,SE2,4038,2048
2023-09,WEEKDAY,11,TRAIN,SE2,5313,2716
2023-09,WEEKENDS/HOLIDAY,12,TRAIN,NS5,17341,11312
2023-09,WEEKDAY,12,TRAIN,NS5,24349,15880
2023-09,WEEKDAY,10,TRAIN,DT8,4854,2788
2023-09,WEEKENDS/HOLIDAY,10,TRAIN,DT8,2216,1541
2023-09,WEEKENDS/HOLIDAY,13,TRAIN,EW22,3012,2917
2023-09,WEEKDAY,13,TRAIN,EW22,8609,8558
2023-09,WEEKDAY,7,TRAIN,NS9/TE2,146966,71299
2023-09,WEEKENDS/HOLIDAY,7,TRAIN,NS9/TE2,20077,16176
2023-09,WEEKDAY,0,TRAIN,TE4,90,247
2023-09,WEEKENDS/HOLIDAY,0,TRAIN,TE4,41,114
2023-09,WEEKENDS/HOLIDAY,23,TRAIN,BP11,101,658
2023-09,WEEKDAY,23,TRAIN,BP11,201,1227
2023-09,WEEKDAY,11,TRAIN,EW2/DT32,41070,34296
2023-09,WEEKENDS/HOLIDAY,11,TRAIN,EW2/DT32,28742,23619
2023-09,WEEKENDS/HOLIDAY,11,TRAIN,DT20,2613,3116
2023-09,WEEKDAY,11,TRAIN,DT20,5391,4816
2023-09,WEEKENDS/HOLIDAY,14,TRAIN,TE7,2691,2836
2023-09,WEEKDAY,14,TRAIN,TE7,5017,5110
2023-09,WEEKENDS/HOLIDAY,9,TRAIN,NE11,5318,4750
2023-09,WEEKDAY,9,TRAIN,NE11,14891,11148
2023-09,WEEKENDS/HOLIDAY,18,TRAIN,DT13,8555,6594
2023-09,WEEKDAY,18,TRAIN,DT13,26352,19707
2023-09,WEEKENDS/HOLIDAY,13,TRAIN,DT7,2441,2334
2023-09,WEEKDAY,13,TRAIN,DT7,4307,4261
2023-09,WEEKENDS/HOLIDAY,17,TRAIN,NS17/CC15,24592,25488
2023-09,WEEKDAY,17,TRAIN,NS17/CC15,63954,68585
2023-09,WEEKENDS/HOLIDAY,7,TRAIN,CC12,1854,1583
2023-09,WEEKDAY,7,TRAIN,CC12,16253,21357
2023-09,WEEKDAY,12,TRAIN,BP8,1321,1130
2023-09,WEEKENDS/HOLIDAY,12,TRAIN,BP8,772,793
2023-09,WEEKDAY,18,TRAIN,EW28,58038,68190
2023-09,WEEKENDS/HOLIDAY,18,TRAIN,EW28,15984,15463
2023-09,WEEKENDS/HOLIDAY,10,TRAIN,BP2,2070,782
2023-09,WEEKDAY,10,TRAIN,BP2,2983,922
2023-09,WEEKDAY,23,TRAIN,EW20,1625,5640
2023-09,WEEKENDS/HOLIDAY,23,TRAIN,EW20,833,3181
2023-09,WEEKDAY,5,TRAIN,NE15,4746,263
2023-09,WEEKENDS/HOLIDAY,5,TRAIN,NE15,924,22
2023-09,WEEKDAY,18,TRAIN,EW19,38698,48029
2023-09,WEEKENDS/HOLIDAY,18,TRAIN,EW19,8890,9556
2023-09,WEEKDAY,20,TRAIN,BP9,1085,2715
2023-09,WEEKENDS/HOLIDAY,20,TRAIN,BP9,573,927
2023-09,WEEKENDS/HOLIDAY,22,TRAIN,BP10,466,1735
2023-09,WEEKDAY,22,TRAIN,BP10,941,3508
2023-09,WEEKDAY,22,TRAIN,EW8/CC9,32617,23604
2023-09,WEEKENDS/HOLIDAY,22,TRAIN,EW8/CC9,16785,12096
2023-09,WEEKENDS/HOLIDAY,21,TRAIN,NS27/CE2/TE20,1604,1401
2023-09,WEEKDAY,21,TRAIN,NS27/CE2/TE20,5065,2088
2023-09,WEEKENDS/HOLIDAY,6,TRAIN,PE1,800,205
2023-09,WEEKDAY,6,TRAIN,PE1,5341,1410
2023-09,WEEKENDS/HOLIDAY,8,TRAIN,NS15,7330,5918
2023-09,WEEKDAY,8,TRAIN,NS15,35328,67733
2023-09,WEEKENDS/HOLIDAY,16,TRAIN,TE19,1953,1344
2023-09,WEEKDAY,16,TRAIN,TE19,9397,2663
2023-09,WEEKDAY,23,TRAIN,SW7,136,1443
2023-09,WEEKENDS/HOLIDAY,23,TRAIN,SW7,71,836
2023-09,WEEKDAY,20,TRAIN,DT3,2970,11549
2023-09,WEEKENDS/HOLIDAY,20,TRAIN,DT3,1697,4207
2023-09,WEEKDAY,12,TRAIN,CC12,6037,3732
2023-09,WEEKENDS/HOLIDAY,12,TRAIN,CC12,4887,2455
2023-09,WEEKDAY,12,TRAIN,CC19/DT9,7449,7001
2023-09,WEEKENDS/HOLIDAY,12,TRAIN,CC19/DT9,5236,5154
2023-09,WEEKDAY,19,TRAIN,NS15,29167,26334
2023-09,WEEKENDS/HOLIDAY,19,TRAIN,NS15,6432,6991
2023-09,WEEKENDS/HOLIDAY,6,TRAIN,TE4,658,886
2023-09,WEEKDAY,6,TRAIN,TE4,3575,3577
2023-09,WEEKENDS/HOLIDAY,0,TRAIN,DT8,9,325
2023-09,WEEKDAY,0,TRAIN,DT8,9,193
2023-09,WEEKENDS/HOLIDAY,7,TRAIN,DT7,874,2028
2023-09,WEEKDAY,7,TRAIN,DT7,6501,13349
2023-09,WEEKENDS/HOLIDAY,14,TRAIN,NS14,15756,13280
2023-09,WEEKDAY,14,TRAIN,NS14,22194,20981
2023-09,WEEKENDS/HOLIDAY,13,TRAIN,PW3,582,539
2023-09,WEEKDAY,13,TRAIN,PW3,1011,1011
2023-09,WEEKDAY,14,TRAIN,DT23,2805,3262
2023-09,WEEKENDS/HOLIDAY,14,TRAIN,DT23,1712,2110
2023-09,WEEKENDS/HOLIDAY,7,TRAIN,PE5,2117,564
2023-09,WEEKDAY,7,TRAIN,PE5,21285,6478
2023-09,WEEKDAY,20,TRAIN,CC2,6288,2661
2023-09,WEEKENDS/HOLIDAY,20,TRAIN,CC2,1943,1248
2023-09,WEEKDAY,21,TRAIN,PW4,3578,5388
2023-09,WEEKENDS/HOLIDAY,21,TRAIN,PW4,2357,2398
2023-09,WEEKENDS/HOLIDAY,20,TRAIN,CC6,10568,3418
2023-09,WEEKDAY,20,TRAIN,CC6,12905,5513
2023-09,WEEKENDS/HOLIDAY,10,TRAIN,PW3,724,285
2023-09,WEEKDAY,10,TRAIN,PW3,1072,434
2023-09,WEEKENDS/HOLIDAY,19,TRAIN,TE3,2421,4248
2023-09,WEEKDAY,19,TRAIN,TE3,7128,19552
2023-09,WEEKENDS/HOLIDAY,17,TRAIN,CC5,4669,6306
2023-09,WEEKDAY,17,TRAIN,CC5,12459,6301
2023-09,WEEKDAY,11,TRAIN,BP2,2595,957
2023-09,WEEKENDS/HOLIDAY,11,TRAIN,BP2,1983,938
2023-09,WEEKDAY,7,TRAIN,CG1/DT35,3203,32131
2023-09,WEEKENDS/HOLIDAY,7,TRAIN,CG1/DT35,1336,5331
2023-09,WEEKENDS/HOLIDAY,10,TRAIN,EW24/NS1,17482,37232
2023-09,WEEKDAY,10,TRAIN,EW24/NS1,28013,58821
2023-09,WEEKDAY,5,TRAIN,NE5,215,16
2023-09,WEEKENDS/HOLIDAY,5,TRAIN,NE5,111,8
2023-09,WEEKENDS/HOLIDAY,17,TRAIN,NS4/BP1,20829,24500
2023-09,WEEKDAY,17,TRAIN,NS4/BP1,56834,71191
2023-09,WEEKENDS/HOLIDAY,21,TRAIN,NE17/PTC,16732,20609
2023-09,WEEKDAY,21,TRAIN,NE17/PTC,29620,44015
2023-09,WEEKDAY,13,TRAIN,SW4,1842,2772
2023-09,WEEKENDS/HOLIDAY,13,TRAIN,SW4,1268,1197
2023-09,WEEKDAY,6,TRAIN,EW22,5856,5691
2023-09,WEEKENDS/HOLIDAY,6,TRAIN,EW22,950,734
2023-09,WEEKENDS/HOLIDAY,12,TRAIN,DT28,5731,3055
2023-09,WEEKDAY,12,TRAIN,DT28,7778,5373
2023-09,WEEKDAY,7,TRAIN,TE8,11539,6855
2023-09,WEEKENDS/HOLIDAY,7,TRAIN,TE8,1797,2101
2023-09,WEEKDAY,10,TRAIN,DT3,8400,2786
2023-09,WEEKENDS/HOLIDAY,10,TRAIN,DT3,5950,1972
2023-09,WEEKDAY,5,TRAIN,TE7,563,203
2023-09,WEEKENDS/HOLIDAY,5,TRAIN,TE7,72,18
2023-09,WEEKENDS/HOLIDAY,23,TRAIN,BP10,147,894
2023-09,WEEKDAY,23,TRAIN,BP10,288,1683
2023-09,WEEKENDS/HOLIDAY,9,TRAIN,CC2,1186,3351
2023-09,WEEKDAY,9,TRAIN,CC2,1968,17093
2023-09,WEEKENDS/HOLIDAY,13,TRAIN,EW2/DT32,32258,30003
2023-09,WEEKDAY,13,TRAIN,EW2/DT32,47738,46357
2023-09,WEEKENDS/HOLIDAY,18,TRAIN,NS15,6828,8639
2023-09,WEEKDAY,18,TRAIN,NS15,66688,36545
2023-09,WEEKENDS/HOLIDAY,15,TRAIN,NS12,7264,7256
2023-09,WEEKDAY,15,TRAIN,NS12,8834,12419
2023-09,WEEKENDS/HOLIDAY,0,TRAIN,NS11,579,5224
2023-09,WEEKDAY,0,TRAIN,NS11,982,7512
2023-09,WEEKDAY,18,TRAIN,EW6,17375,36348
2023-09,WEEKENDS/HOLIDAY,18,TRAIN,EW6,7015,8621
2023-09,WEEKDAY,22,TRAIN,NS4/BP1,14004,32722
2023-09,WEEKENDS/HOLIDAY,22,TRAIN,NS4/BP1,7700,16863
2023-09,WEEKDAY,7,TRAIN,NS17/CC15,81169,51380
2023-09,WEEKENDS/HOLIDAY,7,TRAIN,NS17/CC15,10741,6769
2023-09,WEEKENDS/HOLIDAY,9,TRAIN,EW8/CC9,14060,35120
2023-09,WEEKDAY,9,TRAIN,EW8/CC9,32878,73456
2023-09,WEEKENDS/HOLIDAY,7,TRAIN,NE16/STC,12942,5423
2023-09,WEEKDAY,7,TRAIN,NE16/STC,111709,33349
2023-09,WEEKENDS/HOLIDAY,14,TRAIN,PE5,2876,2717
2023-09,WEEKDAY,14,TRAIN,PE5,4831,5492
2023-09,WEEKENDS/HOLIDAY,23,TRAIN,EW7,1101,4923
2023-09,WEEKDAY,23,TRAIN,EW7,1778,8455
2023-09,WEEKENDS/HOLIDAY,23,TRAIN,TE7,214,1243
2023-09,WEEKDAY,23,TRAIN,TE7,372,2524
2023-09,WEEKENDS/HOLIDAY,16,TRAIN,NE10,8257,8045
2023-09,WEEKDAY,16,TRAIN,NE10,16125,15857
2023-09,WEEKENDS/HOLIDAY,14,TRAIN,BP4,805,827
2023-09,WEEKDAY,14,TRAIN,BP4,2488,2150
2023-09,WEEKDAY,6,TRAIN,EW8/CC9,24417,17204
2023-09,WEEKENDS/HOLIDAY,6,TRAIN,EW8/CC9,6571,4135
2023-09,WEEKENDS/HOLIDAY,12,TRAIN,NE15,13392,8608
2023-09,WEEKDAY,12,TRAIN,NE15,17032,12520
2023-09,WEEKDAY,15,TRAIN,NS9/TE2,39116,54309
2023-09,WEEKENDS/HOLIDAY,15,TRAIN,NS9/TE2,29106,30821
2023-09,WEEKDAY,5,TRAIN,NS9/TE2,21765,7800
2023-09,WEEKENDS/HOLIDAY,5,TRAIN,NS9/TE2,3997,2067
2023-09,WEEKENDS/HOLIDAY,12,TRAIN,CC17/TE9,2834,1969
2023-09,WEEKDAY,12,TRAIN,CC17/TE9,6010,3478
2023-09,WEEKDAY,8,TRAIN,EW17,65495,38920
2023-09,WEEKENDS/HOLIDAY,8,TRAIN,EW17,10125,8036
2023-09,WEEKENDS/HOLIDAY,19,TRAIN,EW32,2299,4239
2023-09,WEEKDAY,19,TRAIN,EW32,9857,5735
2023-09,WEEKENDS/HOLIDAY,13,TRAIN,NS5,16095,13842
2023-09,WEEKDAY,13,TRAIN,NS5,23471,20058
2023-09,WEEKENDS/HOLIDAY,14,TRAIN,DT30,3715,3238
2023-09,WEEKDAY,14,TRAIN,DT30,5873,5794
2023-09,WEEKDAY,11,TRAIN,TE5,3677,1440
2023-09,WEEKENDS/HOLIDAY,11,TRAIN,TE5,2645,1049
2023-09,WEEKENDS/HOLIDAY,7,TRAIN,EW14/NS26,1648,6987
2023-09,WEEKDAY,7,TRAIN,EW14/NS26,5814,85946
2023-09,WEEKENDS/HOLIDAY,20,TRAIN,SW5,3149,4101
2023-09,WEEKDAY,20,TRAIN,SW5,5286,10582
2023-09,WEEKDAY,16,TRAIN,DT34,6986,3988
2023-09,WEEKENDS/HOLIDAY,16,TRAIN,DT34,2287,1930
2023-09,WEEKDAY,20,TRAIN,NS2,17083,39744
2023-09,WEEKENDS/HOLIDAY,20,TRAIN,NS2,8223,15766
2023-09,WEEKENDS/HOLIDAY,20,TRAIN,NS9/TE2,24007,33370
2023-09,WEEKDAY,20,TRAIN,NS9/TE2,42538,82258
2023-09,WEEKENDS/HOLIDAY,11,TRAIN,NS24/NE6/CC1,12246,22151
2023-09,WEEKDAY,11,TRAIN,NS24/NE6/CC1,19988,34527
2023-09,WEEKENDS/HOLIDAY,23,TRAIN,NS4/BP1,3371,9917
2023-09,WEEKDAY,23,TRAIN,NS4/BP1,5867,17019
2023-09,WEEKENDS/HOLIDAY,19,TRAIN,SE4,1179,2051
2023-09,WEEKDAY,19,TRAIN,SE4,2562,8795
2023-09,WEEKENDS/HOLIDAY,14,TRAIN,NS9/TE2,29769,31554
2023-09,WEEKDAY,14,TRAIN,NS9/TE2,40770,49943
2023-09,WEEKENDS/HOLIDAY,17,TRAIN,SW7,1505,1389
2023-09,WEEKDAY,17,TRAIN,SW7,3156,3858
2023-09,WEEKDAY,8,TRAIN,SW7,7677,1539
2023-09,WEEKENDS/HOLIDAY,8,TRAIN,SW7,1670,447
2023-09,WEEKENDS/HOLIDAY,9,TRAIN,NS16,27504,15732
2023-09,WEEKDAY,9,TRAIN,NS16,63084,34200
2023-09,WEEKENDS/HOLIDAY,20,TRAIN,DT33,3510,10216
2023-09,WEEKDAY,20,TRAIN,DT33,6831,31175
2023-09,WEEKENDS/HOLIDAY,23,TRAIN,NE5,7317,2223
2023-09,WEEKDAY,23,TRAIN,NE5,12758,2743
2023-09,WEEKENDS/HOLIDAY,18,TRAIN,DT21,5430,3686
2023-09,WEEKDAY,18,TRAIN,DT21,25697,17480
2023-09,WEEKENDS/HOLIDAY,11,TRAIN,SW6,2516,1276
2023-09,WEEKDAY,11,TRAIN,SW6,3706,1666
2023-09,WEEKDAY,19,TRAIN,SW2,3649,8689
2023-09,WEEKENDS/HOLIDAY,19,TRAIN,SW2,2020,2437
2023-09,WEEKENDS/HOLIDAY,19,TRAIN,EW14/NS26,12573,13054
2023-09,WEEKDAY,19,TRAIN,EW14/NS26,158085,28041
2023-09,WEEKENDS/HOLIDAY,16,TRAIN,DT30,3769,3909
2023-09,WEEKDAY,16,TRAIN,DT30,5291,8395
2023-09,WEEKDAY,16,TRAIN,CC17/TE9,7752,5826
2023-09,WEEKENDS/HOLIDAY,16,TRAIN,CC17/TE9,2537,2324
2023-09,WEEKENDS/HOLIDAY,13,TRAIN,NS4/BP1,20409,19716
2023-09,WEEKDAY,13,TRAIN,NS4/BP1,30434,31305
2023-09,WEEKDAY,13,TRAIN,DT34,4428,5095
2023-09,WEEKENDS/HOLIDAY,13,TRAIN,DT34,2541,1881
2023-09,WEEKDAY,0,TRAIN,DT27,42,564
2023-09,WEEKENDS/HOLIDAY,0,TRAIN,DT27,24,391
2023-09,WEEKENDS/HOLIDAY,12,TRAIN,SW3,1445,1035
2023-09,WEEKDAY,12,TRAIN,SW3,2522,1890
2023-09,WEEKENDS/HOLIDAY,15,TRAIN,BP8,770,779
2023-09,WEEKDAY,15,TRAIN,BP8,1487,1389
2023-09,WEEKDAY,6,TRAIN,TE15,2095,2176
2023-09,WEEKENDS/HOLIDAY,6,TRAIN,TE15,412,541
2023-09,WEEKDAY,10,TRAIN,NE17/PTC,35777,23942
2023-09,WEEKENDS/HOLIDAY,10,TRAIN,NE17/PTC,24064,17343
2023-09,WEEKENDS/HOLIDAY,8,TRAIN,PE1,2137,618
2023-09,WEEKDAY,8,TRAIN,PE1,10381,1735
2023-09,WEEKENDS/HOLIDAY,17,TRAIN,EW19,10297,9480
2023-09,WEEKDAY,17,TRAIN,EW19,30879,27131
2023-09,WEEKDAY,8,TRAIN,EW25,35838,10465
2023-09,WEEKENDS/HOLIDAY,8,TRAIN,EW25,5582,3108
2023-09,WEEKENDS/HOLIDAY,18,TRAIN,CC12,3632,3410
2023-09,WEEKDAY,18,TRAIN,CC12,10664,14788
2023-09,WEEKDAY,20,TRAIN,EW22,5222,7293
2023-09,WEEKENDS/HOLIDAY,20,TRAIN,EW22,1400,3085
2023-09,WEEKENDS/HOLIDAY,8,TRAIN,CC23,988,3232
2023-09,WEEKDAY,8,TRAIN,CC23,5118,89679
2023-09,WEEKENDS/HOLIDAY,9,TRAIN,DT24,2994,1430
2023-09,WEEKDAY,9,TRAIN,DT24,9604,5746
2023-09,WEEKDAY,9,TRAIN,NS13,70731,33209
2023-09,WEEKENDS/HOLIDAY,9,TRAIN,NS13,31448,15835
2023-09,WEEKENDS/HOLIDAY,19,TRAIN,CC11,9601,7175
2023-09,WEEKDAY,19,TRAIN,CC11,46096,19998
2023-09,WEEKENDS/HOLIDAY,5,TRAIN,CC21,238,24
2023-09,WEEKDAY,5,TRAIN,CC21,933,149
2023-09,WEEKDAY,21,TRAIN,CC8,5275,9508
2023-09,WEEKENDS/HOLIDAY,21,TRAIN,CC8,3067,4755
2023-09,WEEKDAY,10,TRAIN,NS10,39696,16473
2023-09,WEEKENDS/HOLIDAY,10,TRAIN,NS10,25004,10441
2023-09,WEEKENDS/HOLIDAY,12,TRAIN,NS8,11103,7286
2023-09,WEEKDAY,12,TRAIN,NS8,17297,10684
2023-09,WEEKENDS/HOLIDAY,10,TRAIN,EW4,10578,4126
2023-09,WEEKDAY,10,TRAIN,EW4,16716,6068
2023-09,WEEKENDS/HOLIDAY,6,TRAIN,NE14,7855,2169
2023-09,WEEKDAY,6,TRAIN,NE14,39571,12020
2023-09,WEEKENDS/HOLIDAY,6,TRAIN,CC28,1049,438
2023-09,WEEKDAY,6,TRAIN,CC28,6261,1967
2023-09,WEEKDAY,15,TRAIN,NS16,33421,41305
2023-09,WEEKENDS/HOLIDAY,15,TRAIN,NS16,21922,23768
2023-09,WEEKDAY,13,TRAIN,DT31,6021,5775
2023-09,WEEKENDS/HOLIDAY,13,TRAIN,DT31,4300,3663
2023-09,WEEKDAY,17,TRAIN,CC14,14857,10748
2023-09,WEEKENDS/HOLIDAY,17,TRAIN,CC14,3825,3910
2023-09,WEEKDAY,12,TRAIN,EW4,14193,7602
2023-09,WEEKENDS/HOLIDAY,12,TRAIN,EW4,10350,5060
2023-09,WEEKENDS/HOLIDAY,7,TRAIN,TE19,242,818
2023-09,WEEKDAY,7,TRAIN,TE19,895,14217
2023-09,WEEKENDS/HOLIDAY,6,TRAIN,DT8,215,417
2023-09,WEEKDAY,6,TRAIN,DT8,1765,4423
2023-09,WEEKDAY,11,TRAIN,CC6,5019,7255
2023-09,WEEKENDS/HOLIDAY,11,TRAIN,CC6,6699,8519
2023-09,WEEKENDS/HOLIDAY,9,TRAIN,EW4,9943,4374
2023-09,WEEKDAY,9,TRAIN,EW4,23895,9777
2023-09,WEEKENDS/HOLIDAY,10,TRAIN,NE8,10988,21434
2023-09,WEEKDAY,10,TRAIN,NE8,18081,24766
2023-09,WEEKENDS/HOLIDAY,10,TRAIN,EW10,7010,6310
2023-09,WEEKDAY,10,TRAIN,EW10,11249,6233
2023-09,WEEKENDS/HOLIDAY,16,TRAIN,NS13,27014,31394
2023-09,WEEKDAY,16,TRAIN,NS13,43616,62729
2023-09,WEEKDAY,12,TRAIN,CG1/DT35,11281,12906
2023-09,WEEKENDS/HOLIDAY,12,TRAIN,CG1/DT35,4974,6744
2023-09,WEEKENDS/HOLIDAY,17,TRAIN,EW21/CC22,13391,11468
2023-09,WEEKDAY,17,TRAIN,EW21/CC22,84933,28266
2023-09,WEEKENDS/HOLIDAY,17,TRAIN,CC19/DT9,5897,5604
2023-09,WEEKDAY,17,TRAIN,CC19/DT9,12056,9244
2023-09,WEEKDAY,7,TRAIN,PW6,5775,1055
2023-09,WEEKENDS/HOLIDAY,7,TRAIN,PW6,477,166
2023-09,WEEKENDS/HOLIDAY,11,TRAIN,EW8/CC9,26989,37699
2023-09,WEEKDAY,11,TRAIN,EW8/CC9,29379,42085
2023-09,WEEKENDS/HOLIDAY,17,TRAIN,TE8,5930,5747
2023-09,WEEKDAY,17,TRAIN,TE8,13939,12681
2023-09,WEEKENDS/HOLIDAY,13,TRAIN,EW3,10437,8956
2023-09,WEEKDAY,13,TRAIN,EW3,16806,15591
2023-09,WEEKENDS/HOLIDAY,10,TRAIN,TE5,2542,975
2023-09,WEEKDAY,10,TRAIN,TE5,3630,1408
2023-09,WEEKENDS/HOLIDAY,19,TRAIN,NS19,16921,21140
2023-09,WEEKDAY,19,TRAIN,NS19,45517,65519
2023-09,WEEKENDS/HOLIDAY,12,TRAIN,EW20,7453,5022
2023-09,WEEKDAY,12,TRAIN,EW20,11769,8536
2023-09,WEEKDAY,9,TRAIN,BP4,2442,4229
2023-09,WEEKENDS/HOLIDAY,9,TRAIN,BP4,1180,547
2023-09,WEEKDAY,19,TRAIN,SW1,3319,3934
2023-09,WEEKENDS/HOLIDAY,19,TRAIN,SW1,1170,1161
2023-09,WEEKENDS/HOLIDAY,11,TRAIN,CC8,5365,3826
2023-09,WEEKDAY,11,TRAIN,CC8,7759,4767
2023-09,WEEKDAY,16,TRAIN,BP13,949,761
2023-09,WEEKENDS/HOLIDAY,16,TRAIN,BP13,613,333
2023-09,WEEKDAY,21,TRAIN,SW7,650,3437
2023-09,WEEKENDS/HOLIDAY,21,TRAIN,SW7,341,1584
2023-09,WEEKDAY,22,TRAIN,CC21,7457,5015
2023-09,WEEKENDS/HOLIDAY,22,TRAIN,CC21,3377,2581
2023-09,WEEKDAY,7,TRAIN,EW1,94622,27713
2023-09,WEEKENDS/HOLIDAY,7,TRAIN,EW1,10954,6331
2023-09,WEEKENDS/HOLIDAY,12,TRAIN,CC27,1298,1155
2023-09,WEEKDAY,12,TRAIN,CC27,5254,4090
2023-09,WEEKDAY,9,TRAIN,PW7,3388,1984
2023-09,WEEKENDS/HOLIDAY,9,TRAIN,PW7,1770,889
2023-09,WEEKENDS/HOLIDAY,14,TRAIN,DT5,9449,7406
2023-09,WEEKDAY,14,TRAIN,DT5,11069,11981
2023-09,WEEKENDS/HOLIDAY,21,TRAIN,SW6,443,2211
2023-09,WEEKDAY,21,TRAIN,SW6,943,5042
2023-09,WEEKENDS/HOLIDAY,15,TRAIN,TE15,5127,4936
2023-09,WEEKDAY,15,TRAIN,TE15,6255,7145
2023-09,WEEKDAY,7,TRAIN,TE3,30553,21714
2023-09,WEEKENDS/HOLIDAY,7,TRAIN,TE3,3283,4316
2023-09,WEEKDAY,22,TRAIN,CC2,9472,2027
2023-09,WEEKENDS/HOLIDAY,22,TRAIN,CC2,1733,1335
2023-09,WEEKENDS/HOLIDAY,0,TRAIN,EW21/CC22,210,877
2023-09,WEEKDAY,0,TRAIN,EW21/CC22,376,976
2023-09,WEEKDAY,19,TRAIN,EW27,60303,114082
2023-09,WEEKENDS/HOLIDAY,19,TRAIN,EW27,23666,35503
2023-09,WEEKENDS/HOLIDAY,5,TRAIN,NS3,2547,201
2023-09,WEEKDAY,5,TRAIN,NS3,10929,983
2023-09,WEEKDAY,5,TRAIN,EW30,574,1290
2023-09,WEEKENDS/HOLIDAY,5,TRAIN,EW30,191,202
2023-09,WEEKENDS/HOLIDAY,17,TRAIN,CC25,4605,2723
2023-09,WEEKDAY,17,TRAIN,CC25,23674,7805
2023-09,WEEKENDS/HOLIDAY,15,TRAIN,NE12/CC13,33980,34256
2023-09,WEEKDAY,15,TRAIN,NE12/CC13,49322,56933
2023-09,WEEKENDS/HOLIDAY,0,TRAIN,NS9/TE2,1497,5603
2023-09,WEEKDAY,0,TRAIN,NS9/TE2,1792,8800
2023-09,WEEKENDS/HOLIDAY,15,TRAIN,SW6,1697,1627
2023-09,WEEKDAY,15,TRAIN,SW6,3033,3612
2023-09,WEEKDAY,21,TRAIN,BP13,335,606
2023-09,WEEKENDS/HOLIDAY,21,TRAIN,BP13,193,303
2023-09,WEEKENDS/HOLIDAY,15,TRAIN,TE14/NS22,59314,59881
2023-09,WEEKDAY,15,TRAIN,TE14/NS22,71770,65655
2023-09,WEEKDAY,9,TRAIN,DT8,5892,4023
2023-09,WEEKENDS/HOLIDAY,9,TRAIN,DT8,2250,1386
2023-09,WEEKENDS/HOLIDAY,6,TRAIN,NE17/PTC,6661,3092
2023-09,WEEKDAY,6,TRAIN,NE17/PTC,50155,14089
2023-09,WEEKENDS/HOLIDAY,7,TRAIN,NE8,9104,6542
2023-09,WEEKDAY,7,TRAIN,NE8,33413,23883
2023-09,WEEKDAY,21,TRAIN,TE12,2810,1054
2023-09,WEEKENDS/HOLIDAY,21,TRAIN,TE12,1149,583
2023-09,WEEKDAY,12,TRAIN,TE19,7643,6130
2023-09,WEEKENDS/HOLIDAY,12,TRAIN,TE19,1772,1943
2023-09,WEEKENDS/HOLIDAY,14,TRAIN,NE12/CC13,35260,34099
2023-09,WEEKDAY,14,TRAIN,NE12/CC13,55469,53477
2023-09,WEEKDAY,10,TRAIN,PE3,6450,3272
2023-09,WEEKENDS/HOLIDAY,10,TRAIN,PE3,4345,2786
2023-09,WEEKENDS/HOLIDAY,12,TRAIN,NS13,29450,25202
2023-09,WEEKDAY,12,TRAIN,NS13,43644,37967
2023-09,WEEKDAY,0,TRAIN,CC27,7,31
2023-09,WEEKENDS/HOLIDAY,0,TRAIN,CC27,6,35
2023-09,WEEKENDS/HOLIDAY,21,TRAIN,NS20,16333,5042
2023-09,WEEKDAY,21,TRAIN,NS20,42211,10700
2023-09,WEEKENDS/HOLIDAY,11,TRAIN,NE7/DT12,13919,25901
2023-09,WEEKDAY,11,TRAIN,NE7/DT12,21398,28246
2023-09,WEEKENDS/HOLIDAY,23,TRAIN,SW3,72,695
2023-09,WEEKDAY,23,TRAIN,SW3,142,1249
2023-09,WEEKENDS/HOLIDAY,10,TRAIN,EW33,2043,1050
2023-09,WEEKDAY,10,TRAIN,EW33,2241,1814
2023-09,WEEKDAY,19,TRAIN,DT27,13442,14249
2023-09,WEEKENDS/HOLIDAY,19,TRAIN,DT27,3765,4664
2023-09,WEEKENDS/HOLIDAY,10,TRAIN,BP7,361,359
2023-09,WEEKDAY,10,TRAIN,BP7,522,496
2023-09,WEEKDAY,8,TRAIN,EW3,48714,19158
2023-09,WEEKENDS/HOLIDAY,8,TRAIN,EW3,8562,4439
2023-09,WEEKDAY,13,TRAIN,TE7,7081,5460
2023-09,WEEKENDS/HOLIDAY,13,TRAIN,TE7,3199,2644
2023-09,WEEKDAY,14,TRAIN,BP13,850,766
2023-09,WEEKENDS/HOLIDAY,14,TRAIN,BP13,633,363
2023-09,WEEKDAY,20,TRAIN,NS24/NE6/CC1,54374,22277
2023-09,WEEKENDS/HOLIDAY,20,TRAIN,NS24/NE6/CC1,23987,11394
2023-09,WEEKDAY,13,TRAIN,DT30,6398,5053
2023-09,WEEKENDS/HOLIDAY,13,TRAIN,DT30,4316,3131
2023-09,WEEKENDS/HOLIDAY,16,TRAIN,TE18,5503,3982
2023-09,WEEKDAY,16,TRAIN,TE18,8216,5326
2023-09,WEEKDAY,6,TRAIN,TE5,6200,1030
2023-09,WEEKENDS/HOLIDAY,6,TRAIN,TE5,999,253
2023-09,WEEKENDS/HOLIDAY,16,TRAIN,TE13,2985,2012
2023-09,WEEKDAY,16,TRAIN,TE13,5233,3699
2023-09,WEEKENDS/HOLIDAY,21,TRAIN,PW6,158,870
2023-09,WEEKDAY,21,TRAIN,PW6,346,1868
2023-09,WEEKENDS/HOLIDAY,16,TRAIN,BP5,1087,912
2023-09,WEEKDAY,16,TRAIN,BP5,2179,1897
2023-09,WEEKDAY,11,TRAIN,DT23,3338,3115
2023-09,WEEKENDS/HOLIDAY,11,TRAIN,DT23,1341,1673
2023-09,WEEKENDS/HOLIDAY,19,TRAIN,EW17,10645,13709
2023-09,WEEKDAY,19,TRAIN,EW17,28504,52240
2023-09,WEEKDAY,16,TRAIN,EW3,16906,19789
2023-09,WEEKENDS/HOLIDAY,16,TRAIN,EW3,9054,9853
2023-09,WEEKENDS/HOLIDAY,6,TRAIN,NS18,4499,1131
2023-09,WEEKDAY,6,TRAIN,NS18,18926,6863
2023-09,WEEKENDS/HOLIDAY,11,TRAIN,BP3,2938,1282
2023-09,WEEKDAY,11,TRAIN,BP3,3902,1827
2023-09,WEEKDAY,23,TRAIN,NE4/DT19,19026,9304
2023-09,WEEKENDS/HOLIDAY,23,TRAIN,NE4/DT19,10145,5708
2023-09,WEEKENDS/HOLIDAY,13,TRAIN,TE16,3641,3349
2023-09,WEEKDAY,13,TRAIN,TE16,5182,5146
2023-09,WEEKDAY,13,TRAIN,CG2,19491,22129
2023-09,WEEKENDS/HOLIDAY,13,TRAIN,CG2,13061,15330
2023-09,WEEKENDS/HOLIDAY,0,TRAIN,SW8,19,110
2023-09,WEEKDAY,0,TRAIN,SW8,23,175
2023-09,WEEKDAY,13,TRAIN,BP5,1892,1911
2023-09,WEEKENDS/HOLIDAY,13,TRAIN,BP5,1262,1080
2023-09,WEEKDAY,21,TRAIN,EW6,5371,16789
2023-09,WEEKENDS/HOLIDAY,21,TRAIN,EW6,2535,6897
2023-09,WEEKDAY,7,TRAIN,DT28,31863,25675
2023-09,WEEKENDS/HOLIDAY,7,TRAIN,DT28,6585,3574
2023-09,WEEKENDS/HOLIDAY,15,TRAIN,CC20,2398,2669
2023-09,WEEKDAY,15,TRAIN,CC20,4519,5881
2023-09,WEEKENDS/HOLIDAY,7,TRAIN,PE1,1248,351
2023-09,WEEKDAY,7,TRAIN,PE1,11074,3480
2023-09,WEEKDAY,21,TRAIN,EW23,40414,43743
2023-09,WEEKENDS/HOLIDAY,21,TRAIN,EW23,15247,21475
2023-09,WEEKENDS/HOLIDAY,14,TRAIN,EW23,23551,23392
2023-09,WEEKDAY,14,TRAIN,EW23,39047,37603
2023-09,WEEKDAY,12,TRAIN,TE1,3583,2274
2023-09,WEEKENDS/HOLIDAY,12,TRAIN,TE1,2020,766
2023-09,WEEKDAY,10,TRAIN,DT34,4234,4188
2023-09,WEEKENDS/HOLIDAY,10,TRAIN,DT34,2239,1417
2023-09,WEEKDAY,23,TRAIN,EW17,3928,12054
2023-09,WEEKENDS/HOLIDAY,23,TRAIN,EW17,2291,6943
2023-09,WEEKENDS/HOLIDAY,19,TRAIN,DT24,2104,2789
2023-09,WEEKDAY,19,TRAIN,DT24,6147,10553
2023-09,WEEKENDS/HOLIDAY,11,TRAIN,EW6,7477,4317
2023-09,WEEKDAY,11,TRAIN,EW6,10153,6228
2023-09,WEEKDAY,10,TRAIN,BP8,1009,907
2023-09,WEEKENDS/HOLIDAY,10,TRAIN,BP8,666,637
2023-09,WEEKENDS/HOLIDAY,19,TRAIN,NE17/PTC,23262,28553
2023-09,WEEKDAY,19,TRAIN,NE17/PTC,44776,104491
2023-09,WEEKENDS/HOLIDAY,14,TRAIN,DT13,6692,8417
2023-09,WEEKDAY,14,TRAIN,DT13,10980,10738
2023-09,WEEKENDS/HOLIDAY,20,TRAIN,EW14/NS26,12611,7396
2023-09,WEEKDAY,20,TRAIN,EW14/NS26,81113,13033
2023-09,WEEKENDS/HOLIDAY,20,TRAIN,CC12,1304,3348
2023-09,WEEKDAY,20,TRAIN,CC12,2888,8695
2023-09,WEEKENDS/HOLIDAY,0,TRAIN,NS19,300,1646
2023-09,WEEKDAY,0,TRAIN,NS19,546,2609
2023-09,WEEKDAY,19,TRAIN,CG2,24103,25251
2023-09,WEEKENDS/HOLIDAY,19,TRAIN,CG2,14156,12373
2023-09,WEEKDAY,9,TRAIN,CC16,10737,12709
2023-09,WEEKENDS/HOLIDAY,9,TRAIN,CC16,3316,3417
2023-09,WEEKDAY,21,TRAIN,EW28,18264,31984
2023-09,WEEKENDS/HOLIDAY,21,TRAIN,EW28,5197,17380
2023-09,WEEKDAY,15,TRAIN,NE1/CC29,46626,39071
2023-09,WEEKENDS/HOLIDAY,15,TRAIN,NE1/CC29,36838,37636
2023-09,WEEKENDS/HOLIDAY,0,TRAIN,TE7,20,311
2023-09,WEEKDAY,0,TRAIN,TE7,14,458
2023-09,WEEKDAY,22,TRAIN,DT8,1153,1956
2023-09,WEEKENDS/HOLIDAY,22,TRAIN,DT8,637,1015
2023-09,WEEKDAY,6,TRAIN,CC11,8752,20258
2023-09,WEEKENDS/HOLIDAY,6,TRAIN,CC11,2849,4582
2023-09,WEEKENDS/HOLIDAY,17,TRAIN,NS25/EW13,55542,46179
2023-09,WEEKDAY,17,TRAIN,NS25/EW13,84593,56919
2023-09,WEEKDAY,14,TRAIN,DT24,3593,3500
2023-09,WEEKENDS/HOLIDAY,14,TRAIN,DT24,2247,1977
2023-09,WEEKDAY,20,TRAIN,CC14,3364,8842
2023-09,WEEKENDS/HOLIDAY,20,TRAIN,CC14,1539,3395
2023-09,WEEKENDS/HOLIDAY,12,TRAIN,NS4/BP1,20928,17409
2023-09,WEEKDAY,12,TRAIN,NS4/BP1,30418,28039
2023-09,WEEKENDS/HOLIDAY,12,TRAIN,NS24/NE6/CC1,16608,24878
2023-09,WEEKDAY,12,TRAIN,NS24/NE6/CC1,30211,41330
2023-09,WEEKENDS/HOLIDAY,8,TRAIN,NS17/CC15,16031,12075
2023-09,WEEKDAY,8,TRAIN,NS17/CC15,113157,41202
2023-09,WEEKDAY,7,TRAIN,EW6,27306,13359
2023-09,WEEKENDS/HOLIDAY,7,TRAIN,EW6,4000,3017
2023-09,WEEKENDS/HOLIDAY,7,TRAIN,NE4/DT19,4731,8390
2023-09,WEEKDAY,7,TRAIN,NE4/DT19,16708,35918
2023-09,WEEKENDS/HOLIDAY,9,TRAIN,NS20,9607,21432
2023-09,WEEKDAY,9,TRAIN,NS20,23572,75835
2023-09,WEEKDAY,23,TRAIN,EW16/NE3/TE17,7365,5697
2023-09,WEEKENDS/HOLIDAY,23,TRAIN,EW16/NE3/TE17,3669,3692
2023-09,WEEKDAY,18,TRAIN,NS10,64559,116903
2023-09,WEEKENDS/HOLIDAY,18,TRAIN,NS10,18107,23030
2023-09,WEEKDAY,13,TRAIN,TE8,8909,8218
2023-09,WEEKENDS/HOLIDAY,13,TRAIN,TE8,7472,5131
2023-09,WEEKDAY,14,TRAIN,NE15,14079,17163
2023-09,WEEKENDS/HOLIDAY,14,TRAIN,NE15,10373,10331
2023-09,WEEKENDS/HOLIDAY,12,TRAIN,CC26,1775,1162
2023-09,WEEKDAY,12,TRAIN,CC26,4806,3322
2023-09,WEEKDAY,13,TRAIN,NE16/STC,43987,43460
2023-09,WEEKENDS/HOLIDAY,13,TRAIN,NE16/STC,27583,25097
2023-09,WEEKENDS/HOLIDAY,13,TRAIN,NE14,18951,15038
2023-09,WEEKDAY,13,TRAIN,NE14,28897,22271
2023-09,WEEKDAY,14,TRAIN,DT17,10426,17175
2023-09,WEEKENDS/HOLIDAY,14,TRAIN,DT17,2646,2819
2023-09,WEEKENDS/HOLIDAY,16,TRAIN,NS10,17641,17937
2023-09,WEEKDAY,16,TRAIN,NS10,30466,38204
2023-09,WEEKENDS/HOLIDAY,16,TRAIN,NE12/CC13,34975,37893
2023-09,WEEKDAY,16,TRAIN,NE12/CC13,50722,67384
2023-09,WEEKENDS/HOLIDAY,6,TRAIN,SW4,375,83
2023-09,WEEKDAY,6,TRAIN,SW4,4198,394
2023-09,WEEKDAY,8,TRAIN,TE4,7420,10014
2023-09,WEEKENDS/HOLIDAY,8,TRAIN,TE4,1850,1997
2023-09,WEEKDAY,10,TRAIN,SE2,6281,2463
2023-09,WEEKENDS/HOLIDAY,10,TRAIN,SE2,4313,1776
2023-09,WEEKDAY,15,TRAIN,NE9,19076,16892
2023-09,WEEKENDS/HOLIDAY,15,TRAIN,NE9,10749,9758
2023-09,WEEKDAY,20,TRAIN,EW31,7038,2301
2023-09,WEEKENDS/HOLIDAY,20,TRAIN,EW31,1602,1836
2023-09,WEEKENDS/HOLIDAY,13,TRAIN,SW5,5404,4429
2023-09,WEEKDAY,13,TRAIN,SW5,10061,7908
2023-09,WEEKENDS/HOLIDAY,22,TRAIN,TE19,1020,498
2023-09,WEEKDAY,22,TRAIN,TE19,4280,775
2023-09,WEEKENDS/HOLIDAY,23,TRAIN,NS27/CE2/TE20,482,536
2023-09,WEEKDAY,23,TRAIN,NS27/CE2/TE20,1430,614
2023-09,WEEKENDS/HOLIDAY,14,TRAIN,BP7,271,477
2023-09,WEEKDAY,14,TRAIN,BP7,577,1064
2023-09,WEEKENDS/HOLIDAY,20,TRAIN,PE1,760,2337
2023-09,WEEKDAY,20,TRAIN,PE1,1554,6112
2023-09,WEEKENDS/HOLIDAY,0,TRAIN,DT33,21,1963
2023-09,WEEKDAY,0,TRAIN,DT33,43,3354
2023-09,WEEKENDS/HOLIDAY,19,TRAIN,EW16/NE3/TE17,12433,10989
2023-09,WEEKDAY,19,TRAIN,EW16/NE3/TE17,51253,28554
2023-09,WEEKDAY,18,TRAIN,EW11,46870,38310
2023-09,WEEKENDS/HOLIDAY,18,TRAIN,EW11,12781,11579
2023-09,WEEKENDS/HOLIDAY,11,TRAIN,CC7,3955,2365
2023-09,WEEKDAY,11,TRAIN,CC7,6589,3431
2023-09,WEEKENDS/HOLIDAY,16,TRAIN,EW8/CC9,39751,35560
2023-09,WEEKDAY,16,TRAIN,EW8/CC9,51948,43346
2023-09,WEEKDAY,15,TRAIN,EW4,13983,12520
2023-09,WEEKENDS/HOLIDAY,15,TRAIN,EW4,7936,7294
2023-09,WEEKENDS/HOLIDAY,9,TRAIN,DT31,4236,2241
2023-09,WEEKDAY,9,TRAIN,DT31,13464,5608
2023-09,WEEKENDS/HOLIDAY,14,TRAIN,EW11,9860,12466
2023-09,WEEKDAY,14,TRAIN,EW11,15450,18440
2023-09,WEEKDAY,16,TRAIN,NE14,23482,34163
2023-09,WEEKENDS/HOLIDAY,16,TRAIN,NE14,16233,16072
2023-09,WEEKENDS/HOLIDAY,5,TRAIN,EW29,372,881
2023-09,WEEKDAY,5,TRAIN,EW29,1559,7360
2023-09,WEEKENDS/HOLIDAY,13,TRAIN,SE5,1587,1228
2023-09,WEEKDAY,13,TRAIN,SE5,3493,2703
2023-09,WEEKENDS/HOLIDAY,18,TRAIN,CG2,13912,13627
2023-09,WEEKDAY,18,TRAIN,CG2,32650,25501
2023-09,WEEKENDS/HOLIDAY,16,TRAIN,TE22,2383,5920
2023-09,WEEKDAY,16,TRAIN,TE22,1940,5137
2023-09,WEEKENDS/HOLIDAY,16,TRAIN,CC14,3441,3500
2023-09,WEEKDAY,16,TRAIN,CC14,11883,7444
2023-09,WEEKDAY,23,TRAIN,BP3,307,1690
2023-09,WEEKENDS/HOLIDAY,23,TRAIN,BP3,180,955
2023-09,WEEKENDS/HOLIDAY,5,TRAIN,DT23,17,0
2023-09,WEEKDAY,5,TRAIN,DT23,55,0
2023-09,WEEKENDS/HOLIDAY,17,TRAIN,CC20,3645,3217
2023-09,WEEKDAY,17,TRAIN,CC20,9003,9325
2023-09,WEEKDAY,12,TRAIN,CC14,7879,4816
2023-09,WEEKENDS/HOLIDAY,12,TRAIN,CC14,4641,3110
2023-09,WEEKDAY,18,TRAIN,EW1,38894,91927
2023-09,WEEKENDS/HOLIDAY,18,TRAIN,EW1,14806,19766
2023-09,WEEKDAY,0,TRAIN,DT25,30,383
2023-09,WEEKENDS/HOLIDAY,0,TRAIN,DT25,17,244
2023-09,WEEKDAY,0,TRAIN,EW4,88,2643
2023-09,WEEKENDS/HOLIDAY,0,TRAIN,EW4,47,1945
2023-09,WEEKENDS/HOLIDAY,18,TRAIN,EW12/DT14,49618,41417
2023-09,WEEKDAY,18,TRAIN,EW12/DT14,146853,116068
2023-09,WEEKDAY,8,TRAIN,DT31,31073,13275
2023-09,WEEKENDS/HOLIDAY,8,TRAIN,DT31,4129,2580
2023-09,WEEKDAY,12,TRAIN,TE22,1362,3336
2023-09,WEEKENDS/HOLIDAY,12,TRAIN,TE22,1263,3350
2023-09,WEEKENDS/HOLIDAY,12,TRAIN,TE18,5099,6847
2023-09,WEEKDAY,12,TRAIN,TE18,9288,11984
2023-09,WEEKDAY,14,TRAIN,CE1/DT16,27614,40359
2023-09,WEEKENDS/HOLIDAY,14,TRAIN,CE1/DT16,22268,33336
2023-09,WEEKDAY,12,TRAIN,EW19,13875,11475
2023-09,WEEKENDS/HOLIDAY,12,TRAIN,EW19,11169,6945
2023-09,WEEKENDS/HOLIDAY,5,TRAIN,DT25,141,39
2023-09,WEEKDAY,5,TRAIN,DT25,594,359
2023-09,WEEKDAY,13,TRAIN,BP2,2831,2104
2023-09,WEEKENDS/HOLIDAY,13,TRAIN,BP2,1671,1299
2023-09,WEEKENDS/HOLIDAY,9,TRAIN,SW4,1307,642
2023-09,WEEKDAY,9,TRAIN,SW4,2805,994
2023-09,WEEKENDS/HOLIDAY,21,TRAIN,DT17,2980,1893
2023-09,WEEKDAY,21,TRAIN,DT17,16698,3574
2023-09,WEEKDAY,6,TRAIN,SW1,1708,3647
2023-09,WEEKENDS/HOLIDAY,6,TRAIN,SW1,168,1007
2023-09,WEEKENDS/HOLIDAY,0,TRAIN,EW22,33,385
2023-09,WEEKDAY,0,TRAIN,EW22,48,311
2023-09,WEEKENDS/HOLIDAY,13,TRAIN,EW33,1992,1385
2023-09,WEEKDAY,13,TRAIN,EW33,1757,1936
2023-09,WEEKENDS/HOLIDAY,14,TRAIN,TE6,4310,4086
2023-09,WEEKDAY,14,TRAIN,TE6,10211,6180
2023-09,WEEKDAY,20,TRAIN,EW12/DT14,81951,38651
2023-09,WEEKENDS/HOLIDAY,20,TRAIN,EW12/DT14,42566,20645
2023-09,WEEKDAY,21,TRAIN,TE15,8918,4242
2023-09,WEEKENDS/HOLIDAY,21,TRAIN,TE15,4674,2113
2023-09,WEEKDAY,8,TRAIN,NE1/CC29,27557,114022
2023-09,WEEKENDS/HOLIDAY,8,TRAIN,NE1/CC29,7333,19571
2023-09,WEEKDAY,18,TRAIN,BP5,3835,4124
2023-09,WEEKENDS/HOLIDAY,18,TRAIN,BP5,1082,1100
2023-09,WEEKDAY,14,TRAIN,EW17,21223,23063
2023-09,WEEKENDS/HOLIDAY,14,TRAIN,EW17,13381,13214
2023-09,WEEKENDS/HOLIDAY,10,TRAIN,NS25/EW13,12462,48911
2023-09,WEEKDAY,10,TRAIN,NS25/EW13,13762,57403
2023-09,WEEKDAY,10,TRAIN,SW8,2453,859
2023-09,WEEKENDS/HOLIDAY,10,TRAIN,SW8,1490,703
2023-09,WEEKENDS/HOLIDAY,9,TRAIN,EW25,5975,2814
2023-09,WEEKDAY,9,TRAIN,EW25,15077,4397
2023-09,WEEKENDS/HOLIDAY,23,TRAIN,CC27,243,151
2023-09,WEEKDAY,23,TRAIN,CC27,891,209
2023-09,WEEKENDS/HOLIDAY,13,TRAIN,DT29,3524,2653
2023-09,WEEKDAY,13,TRAIN,DT29,5453,4564
2023-09,WEEKDAY,22,TRAIN,CC3,13493,2235
2023-09,WEEKENDS/HOLIDAY,22,TRAIN,CC3,12262,2185
2023-09,WEEKDAY,9,TRAIN,EW22,7537,12006
2023-09,WEEKENDS/HOLIDAY,9,TRAIN,EW22,2881,2107
2023-09,WEEKDAY,6,TRAIN,SW3,4148,882
2023-09,WEEKENDS/HOLIDAY,6,TRAIN,SW3,575,103
2023-09,WEEKENDS/HOLIDAY,6,TRAIN,SW7,652,110
2023-09,WEEKDAY,6,TRAIN,SW7,4689,539
2023-09,WEEKENDS/HOLIDAY,5,TRAIN,BP2,615,59
2023-09,WEEKDAY,5,TRAIN,BP2,2153,250
2023-09,WEEKDAY,18,TRAIN,NS16,75752,138275
2023-09,WEEKENDS/HOLIDAY,18,TRAIN,NS16,22661,30471
2023-09,WEEKDAY,16,TRAIN,CG1/DT35,20634,7579
2023-09,WEEKENDS/HOLIDAY,16,TRAIN,CG1/DT35,7190,6955
2023-09,WEEKENDS/HOLIDAY,12,TRAIN,DT8,1987,1499
2023-09,WEEKDAY,12,TRAIN,DT8,5932,3198
2023-09,WEEKDAY,19,TRAIN,BP7,900,2539
2023-09,WEEKENDS/HOLIDAY,19,TRAIN,BP7,203,595
2023-09,WEEKDAY,14,TRAIN,NS11,25837,29351
2023-09,WEEKENDS/HOLIDAY,14,TRAIN,NS11,19573,18768
2023-09,WEEKENDS/HOLIDAY,20,TRAIN,DT7,1284,2092
2023-09,WEEKDAY,20,TRAIN,DT7,2696,5099
2023-09,WEEKDAY,8,TRAIN,NS14,106221,27014
2023-09,WEEKENDS/HOLIDAY,8,TRAIN,NS14,20667,9351
2023-09,WEEKDAY,16,TRAIN,SW6,3226,4069
2023-09,WEEKENDS/HOLIDAY,16,TRAIN,SW6,1766,1721
2023-09,WEEKENDS/HOLIDAY,7,TRAIN,EW19,5202,3377
2023-09,WEEKDAY,7,TRAIN,EW19,40831,23003
2023-09,WEEKENDS/HOLIDAY,12,TRAIN,EW25,5525,4167
2023-09,WEEKDAY,12,TRAIN,EW25,6464,4681
2023-09,WEEKENDS/HOLIDAY,9,TRAIN,CC6,3912,7118
2023-09,WEEKDAY,9,TRAIN,CC6,6135,10872
2023-09,WEEKENDS/HOLIDAY,16,TRAIN,EW23,25239,24970
2023-09,WEEKDAY,16,TRAIN,EW23,49987,47083
2023-09,WEEKDAY,9,TRAIN,DT28,15909,14187
2023-09,WEEKENDS/HOLIDAY,9,TRAIN,DT28,5442,2462
2023-09,WEEKENDS/HOLIDAY,18,TRAIN,EW30,2239,1472
2023-09,WEEKDAY,18,TRAIN,EW30,17475,2956
2023-09,WEEKENDS/HOLIDAY,22,TRAIN,BP7,101,522
2023-09,WEEKDAY,22,TRAIN,BP7,185,1108
2023-09,WEEKDAY,16,TRAIN,NS21/DT11,58847,58752
2023-09,WEEKENDS/HOLIDAY,16,TRAIN,NS21/DT11,33607,34182
2023-09,WEEKENDS/HOLIDAY,9,TRAIN,NS14,22489,9799
2023-09,WEEKDAY,9,TRAIN,NS14,55051,17184
2023-09,WEEKENDS/HOLIDAY,5,TRAIN,NS19,975,429
2023-09,WEEKDAY,5,TRAIN,NS19,5329,2499
2023-09,WEEKENDS/HOLIDAY,20,TRAIN,EW6,3108,7150
2023-09,WEEKDAY,20,TRAIN,EW6,5602,18393
2023-09,WEEKENDS/HOLIDAY,16,TRAIN,EW25,5207,5957
2023-09,WEEKDAY,16,TRAIN,EW25,8578,10094
2023-09,WEEKENDS/HOLIDAY,20,TRAIN,SE2,1095,3399
2023-09,WEEKDAY,20,TRAIN,SE2,1950,9214
2023-09,WEEKENDS/HOLIDAY,0,TRAIN,DT7,30,433
2023-09,WEEKDAY,0,TRAIN,DT7,35,307
2023-09,WEEKDAY,18,TRAIN,EW9,45596,60593
2023-09,WEEKENDS/HOLIDAY,18,TRAIN,EW9,15236,20279
2023-09,WEEKENDS/HOLIDAY,13,TRAIN,EW23,26284,24418
2023-09,WEEKDAY,13,TRAIN,EW23,42068,38490
2023-09,WEEKENDS/HOLIDAY,9,TRAIN,DT20,1883,2900
2023-09,WEEKDAY,9,TRAIN,DT20,7926,11401
2023-09,WEEKENDS/HOLIDAY,22,TRAIN,CC27,897,222
2023-09,WEEKDAY,22,TRAIN,CC27,3013,463
2023-09,WEEKDAY,13,TRAIN,CC10/DT26,12070,13983
2023-09,WEEKENDS/HOLIDAY,13,TRAIN,CC10/DT26,8614,7227
2023-09,WEEKDAY,18,TRAIN,EW7,27300,48711
2023-09,WEEKENDS/HOLIDAY,18,TRAIN,EW7,9788,11260
2023-09,WEEKENDS/HOLIDAY,9,TRAIN,EW15,4114,13702
2023-09,WEEKDAY,9,TRAIN,EW15,14442,160904
2023-09,WEEKDAY,21,TRAIN,SE4,1257,4229
2023-09,WEEKENDS/HOLIDAY,21,TRAIN,SE4,610,1793
2023-09,WEEKENDS/HOLIDAY,14,TRAIN,NS27/CE2/TE20,2174,3319
2023-09,WEEKDAY,14,TRAIN,NS27/CE2/TE20,4110,5501
2023-09,WEEKENDS/HOLIDAY,23,TRAIN,CC10/DT26,1151,3951
2023-09,WEEKDAY,23,TRAIN,CC10/DT26,2356,6862
2023-09,WEEKDAY,13,TRAIN,DT22,7851,7037
2023-09,WEEKENDS/HOLIDAY,13,TRAIN,DT22,5427,6660
2023-09,WEEKENDS/HOLIDAY,7,TRAIN,NS2,11313,7269
2023-09,WEEKDAY,7,TRAIN,NS2,87165,46043
2023-09,WEEKENDS/HOLIDAY,10,TRAIN,DT27,4078,2541
2023-09,WEEKDAY,10,TRAIN,DT27,7049,5982
2023-09,WEEKDAY,9,TRAIN,DT6,8310,7167
2023-09,WEEKENDS/HOLIDAY,9,TRAIN,DT6,3338,2643
2023-09,WEEKDAY,11,TRAIN,BP5,1855,1243
2023-09,WEEKENDS/HOLIDAY,11,TRAIN,BP5,1335,959
2023-09,WEEKENDS/HOLIDAY,8,TRAIN,NS5,16476,7392
2023-09,WEEKDAY,8,TRAIN,NS5,82414,26239
2023-09,WEEKENDS/HOLIDAY,9,TRAIN,EW5,20576,11706
2023-09,WEEKDAY,9,TRAIN,EW5,49280,23634
2023-09,WEEKENDS/HOLIDAY,15,TRAIN,CC24,5776,3482
2023-09,WEEKDAY,15,TRAIN,CC24,31740,16575
2023-09,WEEKDAY,19,TRAIN,SW5,6959,18575
2023-09,WEEKENDS/HOLIDAY,19,TRAIN,SW5,3603,5260
2023-09,WEEKENDS/HOLIDAY,20,TRAIN,TE15,3893,2767
2023-09,WEEKDAY,20,TRAIN,TE15,7898,5625
2023-09,WEEKDAY,0,TRAIN,DT3,32,832
2023-09,WEEKENDS/HOLIDAY,0,TRAIN,DT3,23,692
2023-09,WEEKENDS/HOLIDAY,19,TRAIN,CC21,4902,5295
2023-09,WEEKDAY,19,TRAIN,CC21,12252,17274
2023-09,WEEKENDS/HOLIDAY,13,TRAIN,PW7,1542,1618
2023-09,WEEKDAY,13,TRAIN,PW7,2380,3889
2023-09,WEEKDAY,6,TRAIN,DT6,3347,3789
2023-09,WEEKENDS/HOLIDAY,6,TRAIN,DT6,541,476
2023-09,WEEKDAY,22,TRAIN,SE5,502,2539
2023-09,WEEKENDS/HOLIDAY,22,TRAIN,SE5,281,1294
2023-09,WEEKDAY,9,TRAIN,CC24,8994,84692
2023-09,WEEKENDS/HOLIDAY,9,TRAIN,CC24,1870,4840
2023-09,WEEKENDS/HOLIDAY,14,TRAIN,TE15,4909,5167
2023-09,WEEKDAY,14,TRAIN,TE15,7028,6884
2023-09,WEEKDAY,9,TRAIN,EW11,23086,31042
2023-09,WEEKENDS/HOLIDAY,9,TRAIN,EW11,9336,9168
2023-09,WEEKDAY,0,TRAIN,PE1,52,726
2023-09,WEEKENDS/HOLIDAY,0,TRAIN,PE1,34,455
2023-09,WEEKDAY,10,TRAIN,BP10,3142,1987
2023-09,WEEKENDS/HOLIDAY,10,TRAIN,BP10,1979,1148
2023-09,WEEKDAY,23,TRAIN,BP13,38,207
2023-09,WEEKENDS/HOLIDAY,23,TRAIN,BP13,27,103
2023-09,WEEKDAY,0,TRAIN,EW10,90,853
2023-09,WEEKENDS/HOLIDAY,0,TRAIN,EW10,63,813
2023-09,WEEKENDS/HOLIDAY,7,TRAIN,NE17/PTC,12264,5872
2023-09,WEEKDAY,7,TRAIN,NE17/PTC,116018,31262
2023-09,WEEKENDS/HOLIDAY,6,TRAIN,TE19,106,344
2023-09,WEEKDAY,6,TRAIN,TE19,223,3897
2023-09,WEEKDAY,5,TRAIN,CC3,69,53
2023-09,WEEKENDS/HOLIDAY,5,TRAIN,CC3,27,6
2023-09,WEEKDAY,7,TRAIN,EW27,120855,98521
2023-09,WEEKENDS/HOLIDAY,7,TRAIN,EW27,19288,15616
2023-09,WEEKDAY,11,TRAIN,NS14,26648,13900
2023-09,WEEKENDS/HOLIDAY,11,TRAIN,NS14,18477,10432
2023-09,WEEKDAY,13,TRAIN,EW8/CC9,47097,45902
2023-09,WEEKENDS/HOLIDAY,13,TRAIN,EW8/CC9,34618,36136
2023-09,WEEKDAY,22,TRAIN,NS25/EW13,68403,7252
2023-09,WEEKENDS/HOLIDAY,22,TRAIN,NS25/EW13,44449,4224
2023-09,WEEKDAY,7,TRAIN,CC24,5124,61227
2023-09,WEEKENDS/HOLIDAY,7,TRAIN,CC24,2022,5035
2023-09,WEEKDAY,5,TRAIN,CC7,1498,221
2023-09,WEEKENDS/HOLIDAY,5,TRAIN,CC7,281,55
2023-09,WEEKENDS/HOLIDAY,11,TRAIN,CG2,9083,14598
2023-09,WEEKDAY,11,TRAIN,CG2,14395,20001
2023-09,WEEKDAY,19,TRAIN,NE16/STC,48017,113418
2023-09,WEEKENDS/HOLIDAY,19,TRAIN,NE16/STC,20135,29567
2023-09,WEEKENDS/HOLIDAY,8,TRAIN,EW27,19583,14158
2023-09,WEEKDAY,8,TRAIN,EW27,91260,84616
2023-09,WEEKDAY,11,TRAIN,EW25,6951,3721
2023-09,WEEKENDS/HOLIDAY,11,TRAIN,EW25,5417,3401
2023-09,WEEKENDS/HOLIDAY,14,TRAIN,EW24/NS1,42500,42637
2023-09,WEEKDAY,14,TRAIN,EW24/NS1,52188,55260
2023-09,WEEKDAY,20,TRAIN,EW19,9742,22665
2023-09,WEEKENDS/HOLIDAY,20,TRAIN,EW19,4360,8739
2023-09,WEEKENDS/HOLIDAY,6,TRAIN,EW28,13373,2500
2023-09,WEEKDAY,6,TRAIN,EW28,63651,13406
2023-09,WEEKENDS/HOLIDAY,23,TRAIN,PW7,333,768
2023-09,WEEKDAY,23,TRAIN,PW7,638,1478
2023-09,WEEKENDS/HOLIDAY,23,TRAIN,BP4,72,405
2023-09,WEEKDAY,23,TRAIN,BP4,166,692
2023-09,WEEKDAY,13,TRAIN,NS18,15890,11013
2023-09,WEEKENDS/HOLIDAY,13,TRAIN,NS18,8031,6324
2023-09,WEEKDAY,18,TRAIN,DT25,13469,11529
2023-09,WEEKENDS/HOLIDAY,18,TRAIN,DT25,2677,2327
2023-09,WEEKENDS/HOLIDAY,19,TRAIN,CC8,4757,5538
2023-09,WEEKDAY,19,TRAIN,CC8,8545,18759
2023-09,WEEKENDS/HOLIDAY,16,TRAIN,TE16,3939,3281
2023-09,WEEKDAY,16,TRAIN,TE16,5598,5729
2023-09,WEEKENDS/HOLIDAY,15,TRAIN,CC10/DT26,7470,6936
2023-09,WEEKDAY,15,TRAIN,CC10/DT26,10350,10738
2023-09,WEEKDAY,14,TRAIN,TE4,2996,3101
2023-09,WEEKENDS/HOLIDAY,14,TRAIN,TE4,2593,1852
2023-09,WEEKDAY,23,TRAIN,NE7/DT12,5221,5368
2023-09,WEEKENDS/HOLIDAY,23,TRAIN,NE7/DT12,4034,3269
2023-09,WEEKDAY,22,TRAIN,TE13,2014,1591
2023-09,WEEKENDS/HOLIDAY,22,TRAIN,TE13,963,884
2023-09,WEEKENDS/HOLIDAY,18,TRAIN,SW8,1054,1121
2023-09,WEEKDAY,18,TRAIN,SW8,3037,3643
2023-09,WEEKDAY,15,TRAIN,SE1,5491,3730
2023-09,WEEKENDS/HOLIDAY,15,TRAIN,SE1,1862,1984
2023-09,WEEKDAY,9,TRAIN,PE6,8520,5914
2023-09,WEEKENDS/HOLIDAY,9,TRAIN,PE6,4170,2755
2023-09,WEEKENDS/HOLIDAY,19,TRAIN,EW15,12792,9060
2023-09,WEEKDAY,19,TRAIN,EW15,98081,32432
2023-09,WEEKENDS/HOLIDAY,15,TRAIN,SW3,886,1193
2023-09,WEEKDAY,15,TRAIN,SW3,1849,2102
2023-09,WEEKDAY,17,TRAIN,BP12,3170,3700
2023-09,WEEKENDS/HOLIDAY,17,TRAIN,BP12,1287,804
2023-09,WEEKENDS/HOLIDAY,20,TRAIN,NS8,6416,8968
2023-09,WEEKDAY,20,TRAIN,NS8,11975,25249
2023-09,WEEKDAY,6,TRAIN,EW25,22087,5125
2023-09,WEEKENDS/HOLIDAY,6,TRAIN,EW25,4364,1322
2023-09,WEEKDAY,7,TRAIN,NS16,105604,67115
2023-09,WEEKENDS/HOLIDAY,7,TRAIN,NS16,17987,11046
2023-09,WEEKDAY,16,TRAIN,BP11,2447,3092
2023-09,WEEKENDS/HOLIDAY,16,TRAIN,BP11,1541,1412
2023-09,WEEKENDS/HOLIDAY,22,TRAIN,DT28,1390,6975
2023-09,WEEKDAY,22,TRAIN,DT28,3327,11857
2023-09,WEEKDAY,0,TRAIN,TE5,29,401
2023-09,WEEKENDS/HOLIDAY,0,TRAIN,TE5,12,317
2023-09,WEEKDAY,15,TRAIN,SE3,1928,3097
2023-09,WEEKENDS/HOLIDAY,15,TRAIN,SE3,1339,1506
2023-09,WEEKENDS/HOLIDAY,6,TRAIN,DT25,990,412
2023-09,WEEKDAY,6,TRAIN,DT25,4104,3661
2023-09,WEEKDAY,19,TRAIN,TE15,9627,11687
2023-09,WEEKENDS/HOLIDAY,19,TRAIN,TE15,4535,4289
2023-09,WEEKDAY,23,TRAIN,DT29,699,4895
2023-09,WEEKENDS/HOLIDAY,23,TRAIN,DT29,389,2753
2023-09,WEEKENDS/HOLIDAY,13,TRAIN,PW6,832,867
2023-09,WEEKDAY,13,TRAIN,PW6,1653,1821
2023-09,WEEKDAY,20,TRAIN,TE4,3751,4501
2023-09,WEEKENDS/HOLIDAY,20,TRAIN,TE4,1719,1984
2023-09,WEEKENDS/HOLIDAY,0,TRAIN,NS16,612,5332
2023-09,WEEKDAY,0,TRAIN,NS16,966,6729
2023-09,WEEKENDS/HOLIDAY,12,TRAIN,NS2,16213,11774
2023-09,WEEKDAY,12,TRAIN,NS2,21379,17411
2023-09,WEEKDAY,12,TRAIN,CC10/DT26,14423,9664
2023-09,WEEKENDS/HOLIDAY,12,TRAIN,CC10/DT26,8697,5823
2023-09,WEEKENDS/HOLIDAY,22,TRAIN,BP6/DT1,8536,23097
2023-09,WEEKDAY,22,TRAIN,BP6/DT1,15673,42707
2023-09,WEEKDAY,15,TRAIN,DT17,12678,6982
2023-09,WEEKENDS/HOLIDAY,15,TRAIN,DT17,3040,2664
2023-09,WEEKENDS/HOLIDAY,15,TRAIN,CC16,3136,3197
2023-09,WEEKDAY,15,TRAIN,CC16,7774,5872
2023-09,WEEKENDS/HOLIDAY,9,TRAIN,DT30,4769,1586
2023-09,WEEKDAY,9,TRAIN,DT30,17998,3350
2023-09,WEEKDAY,21,TRAIN,EW16/NE3/TE17,30972,13539
2023-09,WEEKENDS/HOLIDAY,21,TRAIN,EW16/NE3/TE17,10816,6755
2023-09,WEEKENDS/HOLIDAY,17,TRAIN,NS3,10671,11424
2023-09,WEEKDAY,17,TRAIN,NS3,20831,37705
2023-09,WEEKDAY,5,TRAIN,CC24,362,595
2023-09,WEEKENDS/HOLIDAY,5,TRAIN,CC24,124,61
2023-09,WEEKDAY,16,TRAIN,EW33,5425,2426
2023-09,WEEKENDS/HOLIDAY,16,TRAIN,EW33,2693,1918
2023-09,WEEKDAY,6,TRAIN,EW3,18596,7228
2023-09,WEEKENDS/HOLIDAY,6,TRAIN,EW3,3260,1578
2023-09,WEEKDAY,14,TRAIN,NE9,19633,17252
2023-09,WEEKENDS/HOLIDAY,14,TRAIN,NE9,12056,9508
2023-09,WEEKDAY,17,TRAIN,EW8/CC9,93288,63544
2023-09,WEEKENDS/HOLIDAY,17,TRAIN,EW8/CC9,46600,36163
2023-09,WEEKDAY,7,TRAIN,SE2,20462,2456
2023-09,WEEKENDS/HOLIDAY,7,TRAIN,SE2,2530,599
2023-09,WEEKDAY,9,TRAIN,EW26,49841,13388
2023-09,WEEKENDS/HOLIDAY,9,TRAIN,EW26,20590,7021
2023-09,WEEKDAY,15,TRAIN,EW11,17015,17695
2023-09,WEEKENDS/HOLIDAY,15,TRAIN,EW11,10240,11719
2023-09,WEEKENDS/HOLIDAY,8,TRAIN,DT10/TE11,3025,2557
2023-09,WEEKDAY,8,TRAIN,DT10/TE11,21110,10003
2023-09,WEEKENDS/HOLIDAY,13,TRAIN,EW24/NS1,38891,48823
2023-09,WEEKDAY,13,TRAIN,EW24/NS1,52305,59534
2023-09,WEEKDAY,20,TRAIN,EW4,9311,21848
2023-09,WEEKENDS/HOLIDAY,20,TRAIN,EW4,4391,9340
2023-09,WEEKENDS/HOLIDAY,8,TRAIN,NS23,2854,9766
2023-09,WEEKDAY,8,TRAIN,NS23,16463,63917
2023-09,WEEKENDS/HOLIDAY,17,TRAIN,EW6,7015,7954
2023-09,WEEKDAY,17,TRAIN,EW6,14232,19022
2023-09,WEEKENDS/HOLIDAY,7,TRAIN,BP6/DT1,17475,9242
2023-09,WEEKDAY,7,TRAIN,BP6/DT1,128814,59453
2023-09,WEEKDAY,16,TRAIN,DT31,6448,8280
2023-09,WEEKENDS/HOLIDAY,16,TRAIN,DT31,4450,4159
2023-09,WEEKDAY,19,TRAIN,EW3,17215,43059
2023-09,WEEKENDS/HOLIDAY,19,TRAIN,EW3,7529,11674
2023-09,WEEKENDS/HOLIDAY,22,TRAIN,CC5,9366,1837
2023-09,WEEKDAY,22,TRAIN,CC5,10162,3127
2023-09,WEEKDAY,6,TRAIN,DT20,1195,2848
2023-09,WEEKENDS/HOLIDAY,6,TRAIN,DT20,296,752
2023-09,WEEKENDS/HOLIDAY,15,TRAIN,NS7,12114,10263
2023-09,WEEKDAY,15,TRAIN,NS7,14198,14254
2023-09,WEEKENDS/HOLIDAY,8,TRAIN,EW28,15487,7593
2023-09,WEEKDAY,8,TRAIN,EW28,78040,43351
2023-09,WEEKENDS/HOLIDAY,14,TRAIN,SW1,1462,947
2023-09,WEEKDAY,14,TRAIN,SW1,2891,2962
2023-09,WEEKENDS/HOLIDAY,13,TRAIN,CC24,5174,4470
2023-09,WEEKDAY,13,TRAIN,CC24,21270,32066
2023-09,WEEKDAY,12,TRAIN,DT21,6909,8877
2023-09,WEEKENDS/HOLIDAY,12,TRAIN,DT21,3738,4859
2023-09,WEEKENDS/HOLIDAY,13,TRAIN,DT28,5269,3508
2023-09,WEEKDAY,13,TRAIN,DT28,6953,7477
2023-09,WEEKDAY,22,TRAIN,NS13,23155,63183
2023-09,WEEKENDS/HOLIDAY,22,TRAIN,NS13,13461,30976
2023-09,WEEKENDS/HOLIDAY,21,TRAIN,DT21,3912,3074
2023-09,WEEKDAY,21,TRAIN,DT21,11322,6314
2023-09,WEEKDAY,6,TRAIN,EW1,41871,11157
2023-09,WEEKENDS/HOLIDAY,6,TRAIN,EW1,6226,1812
2023-09,WEEKENDS/HOLIDAY,17,TRAIN,DT2,1091,1140
2023-09,WEEKDAY,17,TRAIN,DT2,8501,3158
2023-09,WEEKDAY,0,TRAIN,CG1/DT35,31,437
2023-09,WEEKENDS/HOLIDAY,0,TRAIN,CG1/DT35,15,283
2023-09,WEEKENDS/HOLIDAY,23,TRAIN,TE4,594,749
2023-09,WEEKDAY,23,TRAIN,TE4,962,1265
2023-09,WEEKENDS/HOLIDAY,22,TRAIN,BP4,193,932
2023-09,WEEKDAY,22,TRAIN,BP4,680,1728
2023-09,WEEKENDS/HOLIDAY,19,TRAIN,DT34,2239,2344
2023-09,WEEKDAY,19,TRAIN,DT34,7550,11090
2023-09,WEEKENDS/HOLIDAY,13,TRAIN,CC20,3282,2790
2023-09,WEEKDAY,13,TRAIN,CC20,6091,4614
2023-09,WEEKDAY,7,TRAIN,DT3,22604,10558
2023-09,WEEKENDS/HOLIDAY,7,TRAIN,DT3,2413,1880
2023-09,WEEKENDS/HOLIDAY,6,TRAIN,NE13,3781,2744
2023-09,WEEKDAY,6,TRAIN,NE13,19534,8496
2023-09,WEEKENDS/HOLIDAY,16,TRAIN,CC3,8411,9860
2023-09,WEEKDAY,16,TRAIN,CC3,10188,6277
2023-09,WEEKENDS/HOLIDAY,13,TRAIN,NS17/CC15,26146,23946
2023-09,WEEKDAY,13,TRAIN,NS17/CC15,48690,39232
2023-09,WEEKDAY,23,TRAIN,TE5,373,2830
2023-09,WEEKENDS/HOLIDAY,23,TRAIN,TE5,296,1506
2023-09,WEEKDAY,17,TRAIN,EW32,28290,2863
2023-09,WEEKENDS/HOLIDAY,17,TRAIN,EW32,5397,2718
2023-09,WEEKENDS/HOLIDAY,9,TRAIN,DT7,2414,2175
2023-09,WEEKDAY,9,TRAIN,DT7,5041,4984
2023-09,WEEKENDS/HOLIDAY,10,TRAIN,BP11,2287,900
2023-09,WEEKDAY,10,TRAIN,BP11,3297,1225
2023-09,WEEKENDS/HOLIDAY,21,TRAIN,DT13,4763,3805
2023-09,WEEKDAY,21,TRAIN,DT13,11236,7306
2023-09,WEEKENDS/HOLIDAY,6,TRAIN,DT23,440,499
2023-09,WEEKDAY,6,TRAIN,DT23,1917,2946
2023-09,WEEKENDS/HOLIDAY,7,TRAIN,NS27/CE2/TE20,427,802
2023-09,WEEKDAY,7,TRAIN,NS27/CE2/TE20,1175,8034
2023-09,WEEKENDS/HOLIDAY,12,TRAIN,SE5,2178,1239
2023-09,WEEKDAY,12,TRAIN,SE5,3458,1891
